Workbook

Sheet Auswertung
A1: TOTO WM 2026 — Auswertung Gruppenphase
A3: Rang | B3: Name | C3: Spieltipps | D3: Tortipps | E3: Sechzehntel- finalisten | F3: Total
A4: =IF(B4="","",RANK(F4,$F$4:$F$43)) -> 15 | B4: Sebi | C4: =IF(B4="","",INDIRECT("'"&B4&"'!B154")) -> 190 | D4: =IF(B4="","",INDIRECT("'"&B4&"'!B155")) -> 205 | E4: =IF(B4="","",INDIRECT("'"&B4&"'!B156")) -> 135 | F4: =IF(B4="","",INDIRECT("'"&B4&"'!B157")) -> 530
A5: =IF(B5="","",RANK(F5,$F$4:$F$43)) -> 9 | B5: Nick | C5: =IF(B5="","",INDIRECT("'"&B5&"'!B154")) -> 220 | D5: =IF(B5="","",INDIRECT("'"&B5&"'!B155")) -> 202 | E5: =IF(B5="","",INDIRECT("'"&B5&"'!B156")) -> 135 | F5: =IF(B5="","",INDIRECT("'"&B5&"'!B157")) -> 557
A6: =IF(B6="","",RANK(F6,$F$4:$F$43)) -> 14 | B6: Nici | C6: =IF(B6="","",INDIRECT("'"&B6&"'!B154")) -> 190 | D6: =IF(B6="","",INDIRECT("'"&B6&"'!B155")) -> 216 | E6: =IF(B6="","",INDIRECT("'"&B6&"'!B156")) -> 125 | F6: =IF(B6="","",INDIRECT("'"&B6&"'!B157")) -> 531
A7: =IF(B7="","",RANK(F7,$F$4:$F$43)) -> 13 | B7: Mads | C7: =IF(B7="","",INDIRECT("'"&B7&"'!B154")) -> 215 | D7: =IF(B7="","",INDIRECT("'"&B7&"'!B155")) -> 188 | E7: =IF(B7="","",INDIRECT("'"&B7&"'!B156")) -> 135 | F7: =IF(B7="","",INDIRECT("'"&B7&"'!B157")) -> 538
A8: =IF(B8="","",RANK(F8,$F$4:$F$43)) -> 2 | B8: Julius | C8: =IF(B8="","",INDIRECT("'"&B8&"'!B154")) -> 225 | D8: =IF(B8="","",INDIRECT("'"&B8&"'!B155")) -> 221 | E8: =IF(B8="","",INDIRECT("'"&B8&"'!B156")) -> 135 | F8: =IF(B8="","",INDIRECT("'"&B8&"'!B157")) -> 581
A9: =IF(B9="","",RANK(F9,$F$4:$F$43)) -> 3 | B9: Dennis | C9: =IF(B9="","",INDIRECT("'"&B9&"'!B154")) -> 215 | D9: =IF(B9="","",INDIRECT("'"&B9&"'!B155")) -> 233 | E9: =IF(B9="","",INDIRECT("'"&B9&"'!B156")) -> 130 | F9: =IF(B9="","",INDIRECT("'"&B9&"'!B157")) -> 578
A10: =IF(B10="","",RANK(F10,$F$4:$F$43)) -> 6 | B10: Heidi | C10: =IF(B10="","",INDIRECT("'"&B10&"'!B154")) -> 215 | D10: =IF(B10="","",INDIRECT("'"&B10&"'!B155")) -> 218 | E10: =IF(B10="","",INDIRECT("'"&B10&"'!B156")) -> 130 | F10: =IF(B10="","",INDIRECT("'"&B10&"'!B157")) -> 563
A11: =IF(B11="","",RANK(F11,$F$4:$F$43)) -> 12 | B11: Mirco | C11: =IF(B11="","",INDIRECT("'"&B11&"'!B154")) -> 195 | D11: =IF(B11="","",INDIRECT("'"&B11&"'!B155")) -> 213 | E11: =IF(B11="","",INDIRECT("'"&B11&"'!B156")) -> 140 | F11: =IF(B11="","",INDIRECT("'"&B11&"'!B157")) -> 548
A12: =IF(B12="","",RANK(F12,$F$4:$F$43)) -> 17 | B12: Tobe | C12: =IF(B12="","",INDIRECT("'"&B12&"'!B154")) -> 170 | D12: =IF(B12="","",INDIRECT("'"&B12&"'!B155")) -> 198 | E12: =IF(B12="","",INDIRECT("'"&B12&"'!B156")) -> 125 | F12: =IF(B12="","",INDIRECT("'"&B12&"'!B157")) -> 493
A13: =IF(B13="","",RANK(F13,$F$4:$F$43)) -> 4 | B13: Urs | C13: =IF(B13="","",INDIRECT("'"&B13&"'!B154")) -> 225 | D13: =IF(B13="","",INDIRECT("'"&B13&"'!B155")) -> 221 | E13: =IF(B13="","",INDIRECT("'"&B13&"'!B156")) -> 130 | F13: =IF(B13="","",INDIRECT("'"&B13&"'!B157")) -> 576
A14: =IF(B14="","",RANK(F14,$F$4:$F$43)) -> 7 | B14: Max | C14: =IF(B14="","",INDIRECT("'"&B14&"'!B154")) -> 215 | D14: =IF(B14="","",INDIRECT("'"&B14&"'!B155")) -> 222 | E14: =IF(B14="","",INDIRECT("'"&B14&"'!B156")) -> 125 | F14: =IF(B14="","",INDIRECT("'"&B14&"'!B157")) -> 562
A15: =IF(B15="","",RANK(F15,$F$4:$F$43)) -> 11 | B15: Vito+Jonas | C15: =IF(B15="","",INDIRECT("'"&B15&"'!B154")) -> 210 | D15: =IF(B15="","",INDIRECT("'"&B15&"'!B155")) -> 209 | E15: =IF(B15="","",INDIRECT("'"&B15&"'!B156")) -> 135 | F15: =IF(B15="","",INDIRECT("'"&B15&"'!B157")) -> 554
... A20: =IF(B20="","",RANK(F20,$F$4:$F$43)) -> 4 | B20: Claude (out of competition) | C20: =IF(B20="","",INDIRECT("'"&B20&"'!B154")) -> 220 | D20: =IF(B20="","",INDIRECT("'"&B20&"'!B155")) -> 226 | E20: =IF(B20="","",INDIRECT("'"&B20&"'!B156")) -> 130 | F20: =IF(B20="","",INDIRECT("'"&B20&"'!B157")) -> 576
A21: =IF(B21="","",RANK(F21,$F$4:$F$43)) | C21: =IF(B21="","",INDIRECT("'"&B21&"'!B154")) | D21: =IF(B21="","",INDIRECT("'"&B21&"'!B155")) | E21: =IF(B21="","",INDIRECT("'"&B21&"'!B156")) | F21: =IF(B21="","",INDIRECT("'"&B21&"'!B157"))
A22: =IF(B22="","",RANK(F22,$F$4:$F$43)) | C22: =IF(B22="","",INDIRECT("'"&B22&"'!B154")) | D22: =IF(B22="","",INDIRECT("'"&B22&"'!B155")) | E22: =IF(B22="","",INDIRECT("'"&B22&"'!B156")) | F22: =IF(B22="","",INDIRECT("'"&B22&"'!B157"))
A23: =IF(B23="","",RANK(F23,$F$4:$F$43)) | C23: =IF(B23="","",INDIRECT("'"&B23&"'!B154")) | D23: =IF(B23="","",INDIRECT("'"&B23&"'!B155")) | E23: =IF(B23="","",INDIRECT("'"&B23&"'!B156")) | F23: =IF(B23="","",INDIRECT("'"&B23&"'!B157"))
A24: =IF(B24="","",RANK(F24,$F$4:$F$43)) | C24: =IF(B24="","",INDIRECT("'"&B24&"'!B154")) | D24: =IF(B24="","",INDIRECT("'"&B24&"'!B155")) | E24: =IF(B24="","",INDIRECT("'"&B24&"'!B156")) | F24: =IF(B24="","",INDIRECT("'"&B24&"'!B157"))
A25: =IF(B25="","",RANK(F25,$F$4:$F$43)) | C25: =IF(B25="","",INDIRECT("'"&B25&"'!B154")) | D25: =IF(B25="","",INDIRECT("'"&B25&"'!B155")) | E25: =IF(B25="","",INDIRECT("'"&B25&"'!B156")) | F25: =IF(B25="","",INDIRECT("'"&B25&"'!B157"))
A26: =IF(B26="","",RANK(F26,$F$4:$F$43)) | C26: =IF(B26="","",INDIRECT("'"&B26&"'!B154")) | D26: =IF(B26="","",INDIRECT("'"&B26&"'!B155")) | E26: =IF(B26="","",INDIRECT("'"&B26&"'!B156")) | F26: =IF(B26="","",INDIRECT("'"&B26&"'!B157"))
A27: =IF(B27="","",RANK(F27,$F$4:$F$43)) | C27: =IF(B27="","",INDIRECT("'"&B27&"'!B154")) | D27: =IF(B27="","",INDIRECT("'"&B27&"'!B155")) | E27: =IF(B27="","",INDIRECT("'"&B27&"'!B156")) | F27: =IF(B27="","",INDIRECT("'"&B27&"'!B157"))
A28: =IF(B28="","",RANK(F28,$F$4:$F$43)) | C28: =IF(B28="","",INDIRECT("'"&B28&"'!B154")) | D28: =IF(B28="","",INDIRECT("'"&B28&"'!B155")) | E28: =IF(B28="","",INDIRECT("'"&B28&"'!B156")) | F28: =IF(B28="","",INDIRECT("'"&B28&"'!B157"))
A29: =IF(B29="","",RANK(F29,$F$4:$F$43)) | C29: =IF(B29="","",INDIRECT("'"&B29&"'!B154")) | D29: =IF(B29="","",INDIRECT("'"&B29&"'!B155")) | E29: =IF(B29="","",INDIRECT("'"&B29&"'!B156")) | F29: =IF(B29="","",INDIRECT("'"&B29&"'!B157"))
A30: =IF(B30="","",RANK(F30,$F$4:$F$43)) | C30: =IF(B30="","",INDIRECT("'"&B30&"'!B154")) | D30: =IF(B30="","",INDIRECT("'"&B30&"'!B155")) | E30: =IF(B30="","",INDIRECT("'"&B30&"'!B156")) | F30: =IF(B30="","",INDIRECT("'"&B30&"'!B157"))
A31: =IF(B31="","",RANK(F31,$F$4:$F$43)) | C31: =IF(B31="","",INDIRECT("'"&B31&"'!B154")) | D31: =IF(B31="","",INDIRECT("'"&B31&"'!B155")) | E31: =IF(B31="","",INDIRECT("'"&B31&"'!B156")) | F31: =IF(B31="","",INDIRECT("'"&B31&"'!B157"))
A32: =IF(B32="","",RANK(F32,$F$4:$F$43)) | C32: =IF(B32="","",INDIRECT("'"&B32&"'!B154")) | D32: =IF(B32="","",INDIRECT("'"&B32&"'!B155")) | E32: =IF(B32="","",INDIRECT("'"&B32&"'!B156")) | F32: =IF(B32="","",INDIRECT("'"&B32&"'!B157"))
... A43: =IF(B43="","",RANK(F43,$F$4:$F$43)) | C43: =IF(B43="","",INDIRECT("'"&B43&"'!B154")) | D43: =IF(B43="","",INDIRECT("'"&B43&"'!B155")) | E43: =IF(B43="","",INDIRECT("'"&B43&"'!B156")) | F43: =IF(B43="","",INDIRECT("'"&B43&"'!B157"))
A46: Spieler hinzufügen:
A47: 1. Rechtsklick auf ein bestehendes Spieler-Blatt → "Blatt verschieben oder kopieren" → "Kopie erstellen"
A48: 2. Neues Blatt umbenennen (Rechtsklick → "Umbenennen") zum Namen des Spielers
A49: 3. Hier auf der Auswertung den Namen in die nächste freie Zeile in Spalte B eintragen
A51: Spieler entfernen:
A52: 1. Spieler-Blatt löschen (Rechtsklick → "Löschen")
A53: 2. Namen aus Spalte B entfernen

Sheet Realität
B1: Gruppe A | H1: Gruppe B | O1: Gruppe C | V1: Gruppe D | AC1: Gruppe E | AJ1: Gruppe F
B3: Runde 1 | I3: Runde 1 | P3: Runde 1 | W3: Runde 1 | AD3: Runde 1 | AK3: Runde 1
B4: Mexiko | C4: Südafrika | I4: Kanada | J4: Bosnien-Herz. | P4: Brasilien | Q4: Marokko | W4: USA | X4: Paraguay | AD4: Deutschland | AE4: Curacao | AK4: Niederlande | AL4: Japan
B5: 2 | C5: 0 | I5: 1 | J5: 1 | P5: 1 | Q5: 1 | W5: 4 | X5: 1 | AD5: 7 | AE5: 1 | AK5: 2 | AL5: 2
B6: =IF(B5=C5,"Unentschieden",IF(B5>C5,B4,C4)) -> Mexiko | I6: =IF(I5=J5,"Unentschieden",IF(I5>J5,I4,J4)) -> Unentschieden | P6: =IF(P5=Q5,"Unentschieden",IF(P5>Q5,P4,Q4)) -> Unentschieden | W6: =IF(W5=X5,"Unentschieden",IF(W5>X5,W4,X4)) -> USA | AD6: =IF(AD5=AE5,"Unentschieden",IF(AD5>AE5,AD4,AE4)) -> Deutschland | AK6: =IF(AK5=AL5,"Unentschieden",IF(AK5>AL5,AK4,AL4)) -> Unentschieden
B7: =IF(B5=C5,1,IF(B5>C5,3,0)) -> 3 | C7: =IF(C5=B5,1,IF(C5>B5,3,0)) -> 0 | I7: =IF(I5=J5,1,IF(I5>J5,3,0)) -> 1 | J7: =IF(J5=I5,1,IF(J5>I5,3,0)) -> 1 | P7: =IF(P5=Q5,1,IF(P5>Q5,3,0)) -> 1 | Q7: =IF(Q5=P5,1,IF(Q5>P5,3,0)) -> 1 | W7: =IF(W5=X5,1,IF(W5>X5,3,0)) -> 3 | X7: =IF(X5=W5,1,IF(X5>W5,3,0)) -> 0 | AD7: =IF(AD5=AE5,1,IF(AD5>AE5,3,0)) -> 3 | AE7: =IF(AE5=AD5,1,IF(AE5>AD5,3,0)) -> 0 | AK7: =IF(AK5=AL5,1,IF(AK5>AL5,3,0)) -> 1 | AL7: =IF(AL5=AK5,1,IF(AL5>AK5,3,0)) -> 1
B9: Südkorea | C9: Tschechien | I9: Katar | J9: Schweiz | P9: Haiti | Q9: Schottland | W9: Australien | X9: Türkei | AD9: Elfenbeinküste | AE9: Ecuador | AK9: Schweden | AL9: Tunesien
B10: 2 | C10: 1 | I10: 1 | J10: 1 | P10: 0 | Q10: 1 | W10: 2 | X10: 0 | AD10: 1 | AE10: 0 | AK10: 5 | AL10: 1
B11: =IF(B10=C10,"Unentschieden",IF(B10>C10,B9,C9)) -> Südkorea | I11: =IF(I10=J10,"Unentschieden",IF(I10>J10,I9,J9)) -> Unentschieden | P11: =IF(P10=Q10,"Unentschieden",IF(P10>Q10,P9,Q9)) -> Schottland | W11: =IF(W10=X10,"Unentschieden",IF(W10>X10,W9,X9)) -> Australien | AD11: =IF(AD10=AE10,"Unentschieden",IF(AD10>AE10,AD9,AE9)) -> Elfenbeinküste | AK11: =IF(AK10=AL10,"Unentschieden",IF(AK10>AL10,AK9,AL9)) -> Schweden
B12: =IF(B10=C10,1,IF(B10>C10,3,0)) -> 3 | C12: =IF(C10=B10,1,IF(C10>B10,3,0)) -> 0 | I12: =IF(I10=J10,1,IF(I10>J10,3,0)) -> 1 | J12: =IF(J10=I10,1,IF(J10>I10,3,0)) -> 1 | P12: =IF(P10=Q10,1,IF(P10>Q10,3,0)) -> 0 | Q12: =IF(Q10=P10,1,IF(Q10>P10,3,0)) -> 3 | W12: =IF(W10=X10,1,IF(W10>X10,3,0)) -> 3 | X12: =IF(X10=W10,1,IF(X10>W10,3,0)) -> 0 | AD12: =IF(AD10=AE10,1,IF(AD10>AE10,3,0)) -> 3 | AE12: =IF(AE10=AD10,1,IF(AE10>AD10,3,0)) -> 0 | AK12: =IF(AK10=AL10,1,IF(AK10>AL10,3,0)) -> 3 | AL12: =IF(AL10=AK10,1,IF(AL10>AK10,3,0)) -> 0
B14: Runde 2 | I14: Runde 2 | P14: Runde 2 | W14: Runde 2 | AD14: Runde 2 | AK14: Runde 2
B15: Tschechien | C15: Südafrika | I15: Schweiz | J15: Bosnien-Herz. | P15: Schottland | Q15: Marokko | W15: Türkei | X15: Paraguay | AD15: Ecuador | AE15: Curacao | AK15: Tunesien | AL15: Japan
B16: 1 | C16: 1 | I16: 4 | J16: 1 | P16: 0 | Q16: 1 | W16: 0 | X16: 1 | AD16: 0 | AE16: 0 | AK16: 0 | AL16: 4
B17: =IF(B16=C16,"Unentschieden",IF(B16>C16,B15,C15)) -> Unentschieden | I17: =IF(I16=J16,"Unentschieden",IF(I16>J16,I15,J15)) -> Schweiz | P17: =IF(P16=Q16,"Unentschieden",IF(P16>Q16,P15,Q15)) -> Marokko | W17: =IF(W16=X16,"Unentschieden",IF(W16>X16,W15,X15)) -> Paraguay | AD17: =IF(AD16=AE16,"Unentschieden",IF(AD16>AE16,AD15,AE15)) -> Unentschieden | AK17: =IF(AK16=AL16,"Unentschieden",IF(AK16>AL16,AK15,AL15)) -> Japan
B18: =IF(B16=C16,1,IF(B16>C16,3,0)) -> 1 | C18: =IF(C16=B16,1,IF(C16>B16,3,0)) -> 1 | I18: =IF(I16=J16,1,IF(I16>J16,3,0)) -> 3 | J18: =IF(J16=I16,1,IF(J16>I16,3,0)) -> 0 | P18: =IF(P16=Q16,1,IF(P16>Q16,3,0)) -> 0 | Q18: =IF(Q16=P16,1,IF(Q16>P16,3,0)) -> 3 | W18: =IF(W16=X16,1,IF(W16>X16,3,0)) -> 0 | X18: =IF(X16=W16,1,IF(X16>W16,3,0)) -> 3 | AD18: =IF(AD16=AE16,1,IF(AD16>AE16,3,0)) -> 1 | AE18: =IF(AE16=AD16,1,IF(AE16>AD16,3,0)) -> 1 | AK18: =IF(AK16=AL16,1,IF(AK16>AL16,3,0)) -> 0 | AL18: =IF(AL16=AK16,1,IF(AL16>AK16,3,0)) -> 3
B20: Mexiko | C20: Südkorea | I20: Kanada | J20: Katar | P20: Brasilien | Q20: Haiti | W20: USA | X20: Australien | AD20: Deutschland | AE20: Elfenbeinküste | AK20: Niederlande | AL20: Schweden
B21: 1 | C21: 0 | I21: 6 | J21: 0 | P21: 3 | Q21: 0 | W21: 2 | X21: 0 | AD21: 2 | AE21: 1 | AK21: 5 | AL21: 1
B22: =IF(B21=C21,"Unentschieden",IF(B21>C21,B20,C20)) -> Mexiko | I22: =IF(I21=J21,"Unentschieden",IF(I21>J21,I20,J20)) -> Kanada | P22: =IF(P21=Q21,"Unentschieden",IF(P21>Q21,P20,Q20)) -> Brasilien | W22: =IF(W21=X21,"Unentschieden",IF(W21>X21,W20,X20)) -> USA | AD22: =IF(AD21=AE21,"Unentschieden",IF(AD21>AE21,AD20,AE20)) -> Deutschland | AK22: =IF(AK21=AL21,"Unentschieden",IF(AK21>AL21,AK20,AL20)) -> Niederlande
B23: =IF(B21=C21,1,IF(B21>C21,3,0)) -> 3 | C23: =IF(C21=B21,1,IF(C21>B21,3,0)) -> 0 | I23: =IF(I21=J21,1,IF(I21>J21,3,0)) -> 3 | J23: =IF(J21=I21,1,IF(J21>I21,3,0)) -> 0 | P23: =IF(P21=Q21,1,IF(P21>Q21,3,0)) -> 3 | Q23: =IF(Q21=P21,1,IF(Q21>P21,3,0)) -> 0 | W23: =IF(W21=X21,1,IF(W21>X21,3,0)) -> 3 | X23: =IF(X21=W21,1,IF(X21>W21,3,0)) -> 0 | AD23: =IF(AD21=AE21,1,IF(AD21>AE21,3,0)) -> 3 | AE23: =IF(AE21=AD21,1,IF(AE21>AD21,3,0)) -> 0 | AK23: =IF(AK21=AL21,1,IF(AK21>AL21,3,0)) -> 3 | AL23: =IF(AL21=AK21,1,IF(AL21>AK21,3,0)) -> 0
B25: Runde 3 | I25: Runde 3 | P25: Runde 3 | W25: Runde 3 | AD25: Runde 3 | AK25: Runde 3
B26: Südafrika | C26: Südkorea | I26: Bosnien-Herz. | J26: Katar | P26: Marokko | Q26: Haiti | W26: Paraguay | X26: Australien | AD26: Curacao | AE26: Elfenbeinküste | AK26: Japan | AL26: Schweden
B27: 1 | C27: 0 | I27: 3 | J27: 1 | P27: 4 | Q27: 2 | W27: 0 | X27: 0 | AD27: 0 | AE27: 2 | AK27: 1 | AL27: 1
B28: =IF(B27=C27,"Unentschieden",IF(B27>C27,B26,C26)) -> Südafrika | I28: =IF(I27=J27,"Unentschieden",IF(I27>J27,I26,J26)) -> Bosnien-Herz. | P28: =IF(P27=Q27,"Unentschieden",IF(P27>Q27,P26,Q26)) -> Marokko | W28: =IF(W27=X27,"Unentschieden",IF(W27>X27,W26,X26)) -> Unentschieden | AD28: =IF(AD27=AE27,"Unentschieden",IF(AD27>AE27,AD26,AE26)) -> Elfenbeinküste | AK28: =IF(AK27=AL27,"Unentschieden",IF(AK27>AL27,AK26,AL26)) -> Unentschieden
B29: =IF(B27=C27,1,IF(B27>C27,3,0)) -> 3 | C29: =IF(C27=B27,1,IF(C27>B27,3,0)) -> 0 | I29: =IF(I27=J27,1,IF(I27>J27,3,0)) -> 3 | J29: =IF(J27=I27,1,IF(J27>I27,3,0)) -> 0 | P29: =IF(P27=Q27,1,IF(P27>Q27,3,0)) -> 3 | Q29: =IF(Q27=P27,1,IF(Q27>P27,3,0)) -> 0 | W29: =IF(W27=X27,1,IF(W27>X27,3,0)) -> 1 | X29: =IF(X27=W27,1,IF(X27>W27,3,0)) -> 1 | AD29: =IF(AD27=AE27,1,IF(AD27>AE27,3,0)) -> 0 | AE29: =IF(AE27=AD27,1,IF(AE27>AD27,3,0)) -> 3 | AK29: =IF(AK27=AL27,1,IF(AK27>AL27,3,0)) -> 1 | AL29: =IF(AL27=AK27,1,IF(AL27>AK27,3,0)) -> 1
B31: Tschechien | C31: Mexiko | I31: Schweiz | J31: Kanada | P31: Schottland | Q31: Brasilien | W31: Türkei | X31: USA | AD31: Ecuador | AE31: Deutschland | AK31: Tunesien | AL31: Niederlande
B32: 0 | C32: 3 | I32: 2 | J32: 1 | P32: 0 | Q32: 3 | W32: 3 | X32: 2 | AD32: 2 | AE32: 1 | AK32: 1 | AL32: 3
B33: =IF(B32=C32,"Unentschieden",IF(B32>C32,B31,C31)) -> Mexiko | I33: =IF(I32=J32,"Unentschieden",IF(I32>J32,I31,J31)) -> Schweiz | P33: =IF(P32=Q32,"Unentschieden",IF(P32>Q32,P31,Q31)) -> Brasilien | W33: =IF(W32=X32,"Unentschieden",IF(W32>X32,W31,X31)) -> Türkei | AD33: =IF(AD32=AE32,"Unentschieden",IF(AD32>AE32,AD31,AE31)) -> Ecuador | AK33: =IF(AK32=AL32,"Unentschieden",IF(AK32>AL32,AK31,AL31)) -> Niederlande
B34: =IF(B32=C32,1,IF(B32>C32,3,0)) -> 0 | C34: =IF(C32=B32,1,IF(C32>B32,3,0)) -> 3 | I34: =IF(I32=J32,1,IF(I32>J32,3,0)) -> 3 | J34: =IF(J32=I32,1,IF(J32>I32,3,0)) -> 0 | P34: =IF(P32=Q32,1,IF(P32>Q32,3,0)) -> 0 | Q34: =IF(Q32=P32,1,IF(Q32>P32,3,0)) -> 3 | W34: =IF(W32=X32,1,IF(W32>X32,3,0)) -> 3 | X34: =IF(X32=W32,1,IF(X32>W32,3,0)) -> 0 | AD34: =IF(AD32=AE32,1,IF(AD32>AE32,3,0)) -> 3 | AE34: =IF(AE32=AD32,1,IF(AE32>AD32,3,0)) -> 0 | AK34: =IF(AK32=AL32,1,IF(AK32>AL32,3,0)) -> 0 | AL34: =IF(AL32=AK32,1,IF(AL32>AK32,3,0)) -> 3
B36: Land | C36: Punkte | D36: T | E36: GT | F36: TD | I36: Land | J36: Punkte | K36: T | L36: GT | M36: TD | P36: Land | Q36: Punkte | R36: T | S36: GT | T36: TD | W36: Land | X36: Punkte | Y36: T | Z36: GT | AA36: TD | AD36: Land | AE36: Punkte | AF36: T | AG36: GT | AH36: TD | AK36: Land | AL36: Punkte | AM36: T | AN36: GT | AO36: TD
B37: Mexiko | C37: =B7+B23+C34 -> 9 | D37: =B5+B21+C32 -> 6 | E37: =C5+C21+B32 -> 0 | F37: =D37-E37 -> 6 | I37: Kanada | J37: =I7+I23+J34 -> 4 | K37: =I5+I21+J32 -> 8 | L37: =J5+J21+I32 -> 3 | M37: =K37-L37 -> 5 | P37: Brasilien | Q37: =P7+P23+Q34 -> 7 | R37: =P5+P21+Q32 -> 7 | S37: =Q5+Q21+P32 -> 1 | T37: =R37-S37 -> 6 | W37: USA | X37: =W7+W23+X34 -> 6 | Y37: =W5+W21+X32 -> 8 | Z37: =X5+X21+W32 -> 4 | AA37: =Y37-Z37 -> 4 | AD37: Deutschland | AE37: =AD7+AD23+AE34 -> 6 | AF37: =AD5+AD21+AE32 -> 10 | AG37: =AE5+AE21+AD32 -> 4 | AH37: =AF37-AG37 -> 6 | AK37: Niederlande | AL37: =AK7+AK23+AL34 -> 7 | AM37: =AK5+AK21+AL32 -> 10 | AN37: =AL5+AL21+AK32 -> 4 | AO37: =AM37-AN37 -> 6
B38: Südafrika | C38: =C7+C18+B29 -> 4 | D38: =C5+C16+B27 -> 2 | E38: =B5+B16+C27 -> 3 | F38: =D38-E38 -> -1 | I38: Bosnien-Herz. | J38: =J7+J18+I29 -> 4 | K38: =J5+J16+I27 -> 5 | L38: =I5+I16+J27 -> 6 | M38: =K38-L38 -> -1 | P38: Marokko | Q38: =Q7+Q18+P29 -> 7 | R38: =Q5+Q16+P27 -> 6 | S38: =P5+P16+Q27 -> 3 | T38: =R38-S38 -> 3 | W38: Paraguay | X38: =X7+X18+W29 -> 4 | Y38: =X5+X16+W27 -> 2 | Z38: =W5+W16+X27 -> 4 | AA38: =Y38-Z38 -> -2 | AD38: Curacao | AE38: =AE7+AE18+AD29 -> 1 | AF38: =AE5+AE16+AD27 -> 1 | AG38: =AD5+AD16+AE27 -> 9 | AH38: =AF38-AG38 -> -8 | AK38: Japan | AL38: =AL7+AL18+AK29 -> 5 | AM38: =AL5+AL16+AK27 -> 7 | AN38: =AK5+AK16+AL27 -> 3 | AO38: =AM38-AN38 -> 4
B39: Südkorea | C39: =B12+C23+C29 -> 3 | D39: =B10+C21+C27 -> 2 | E39: =C10+B21+B27 -> 3 | F39: =D39-E39 -> -1 | I39: Katar | J39: =I12+J23+J29 -> 1 | K39: =I10+J21+J27 -> 2 | L39: =J10+I21+I27 -> 10 | M39: =K39-L39 -> -8 | P39: Haiti | Q39: =P12+Q23+Q29 -> 0 | R39: =P10+Q21+Q27 -> 2 | S39: =Q10+P21+P27 -> 8 | T39: =R39-S39 -> -6 | W39: Australien | X39: =W12+X23+X29 -> 4 | Y39: =W10+X21+X27 -> 2 | Z39: =X10+W21+W27 -> 2 | AA39: =Y39-Z39 -> 0 | AD39: Elfenbeinküste | AE39: =AD12+AE23+AE29 -> 6 | AF39: =AD10+AE21+AE27 -> 4 | AG39: =AE10+AD21+AD27 -> 2 | AH39: =AF39-AG39 -> 2 | AK39: Schweden | AL39: =AK12+AL23+AL29 -> 4 | AM39: =AK10+AL21+AL27 -> 7 | AN39: =AL10+AK21+AK27 -> 7 | AO39: =AM39-AN39 -> 0
B40: Tschechien | C40: =C12+B18+B34 -> 1 | D40: =C10+B16+B32 -> 2 | E40: =B10+C16+C32 -> 6 | F40: =D40-E40 -> -4 | I40: Schweiz | J40: =J12+I18+I34 -> 7 | K40: =J10+I16+I32 -> 7 | L40: =I10+J16+J32 -> 3 | M40: =K40-L40 -> 4 | P40: Schottland | Q40: =Q12+P18+P34 -> 3 | R40: =Q10+P16+P32 -> 1 | S40: =P10+Q16+Q32 -> 4 | T40: =R40-S40 -> -3 | W40: Türkei | X40: =X12+W18+W34 -> 3 | Y40: =X10+W16+W32 -> 3 | Z40: =W10+X16+X32 -> 5 | AA40: =Y40-Z40 -> -2 | AD40: Ecuador | AE40: =AE12+AD18+AD34 -> 4 | AF40: =AE10+AD16+AD32 -> 2 | AG40: =AD10+AE16+AE32 -> 2 | AH40: =AF40-AG40 -> 0 | AK40: Tunesien | AL40: =AL12+AK18+AK34 -> 0 | AM40: =AL10+AK16+AK32 -> 2 | AN40: =AK10+AL16+AL32 -> 12 | AO40: =AM40-AN40 -> -10
B42: Rangliste: | I42: Rangliste: | P42: Rangliste: | W42: Rangliste: | AD42: Rangliste: | AK42: Rangliste:
A43: 1 | B43: {=_xlfn.SORTBY(B37:B40,C37:C40,-1,F37:F40,-1,D37:D40,-1)} -> Mexiko | C43: {=_xlfn.SORTBY(C37:C40,C37:C40,-1,F37:F40,-1,D37:D40,-1)} -> 9 | D43: {=_xlfn.SORTBY(D37:D40,C37:C40,-1,F37:F40,-1,D37:D40,-1)} -> 6 | E43: {=_xlfn.SORTBY(E37:E40,C37:C40,-1,F37:F40,-1,D37:D40,-1)} -> 0 | F43: {=_xlfn.SORTBY(F37:F40,C37:C40,-1,F37:F40,-1,D37:D40,-1)} -> 6 | H43: 1 | I43: {=_xlfn.SORTBY(I37:I40,J37:J40,-1,M37:M40,-1,K37:K40,-1)} -> Schweiz | J43: {=_xlfn.SORTBY(J37:J40,J37:J40,-1,M37:M40,-1,K37:K40,-1)} -> 7 | K43: {=_xlfn.SORTBY(K37:K40,J37:J40,-1,M37:M40,-1,K37:K40,-1)} -> 7 | L43: {=_xlfn.SORTBY(L37:L40,J37:J40,-1,M37:M40,-1,K37:K40,-1)} -> 3 | M43: {=_xlfn.SORTBY(M37:M40,J37:J40,-1,M37:M40,-1,K37:K40,-1)} -> 4 | O43: 1 | P43: {=_xlfn.SORTBY(P37:P40,Q37:Q40,-1,T37:T40,-1,R37:R40,-1)} -> Brasilien | Q43: {=_xlfn.SORTBY(Q37:Q40,Q37:Q40,-1,T37:T40,-1,R37:R40,-1)} -> 7 | R43: {=_xlfn.SORTBY(R37:R40,Q37:Q40,-1,T37:T40,-1,R37:R40,-1)} -> 7 | S43: {=_xlfn.SORTBY(S37:S40,Q37:Q40,-1,T37:T40,-1,R37:R40,-1)} -> 1 | T43: {=_xlfn.SORTBY(T37:T40,Q37:Q40,-1,T37:T40,-1,R37:R40,-1)} -> 6 | V43: 1 | W43: {=_xlfn.SORTBY(W37:W40,X37:X40,-1,AA37:AA40,-1,Y37:Y40,-1)} -> USA | X43: {=_xlfn.SORTBY(X37:X40,X37:X40,-1,AA37:AA40,-1,Y37:Y40,-1)} -> 6 | Y43: {=_xlfn.SORTBY(Y37:Y40,X37:X40,-1,AA37:AA40,-1,Y37:Y40,-1)} -> 8 | Z43: {=_xlfn.SORTBY(Z37:Z40,X37:X40,-1,AA37:AA40,-1,Y37:Y40,-1)} -> 4 | AA43: {=_xlfn.SORTBY(AA37:AA40,X37:X40,-1,AA37:AA40,-1,Y37:Y40,-1)} -> 4 | AC43: 1 | AD43: {=_xlfn.SORTBY(AD37:AD40,AE37:AE40,-1,AH37:AH40,-1,AF37:AF40,-1)} -> Deutschland | AE43: {=_xlfn.SORTBY(AE37:AE40,AE37:AE40,-1,AH37:AH40,-1,AF37:AF40,-1)} -> 6 | AF43: {=_xlfn.SORTBY(AF37:AF40,AE37:AE40,-1,AH37:AH40,-1,AF37:AF40,-1)} -> 10 | AG43: {=_xlfn.SORTBY(AG37:AG40,AE37:AE40,-1,AH37:AH40,-1,AF37:AF40,-1)} -> 4 | AH43: {=_xlfn.SORTBY(AH37:AH40,AE37:AE40,-1,AH37:AH40,-1,AF37:AF40,-1)} -> 6 | AJ43: 1 | AK43: {=_xlfn.SORTBY(AK37:AK40,AL37:AL40,-1,AO37:AO40,-1,AM37:AM40,-1)} -> Niederlande | AL43: {=_xlfn.SORTBY(AL37:AL40,AL37:AL40,-1,AO37:AO40,-1,AM37:AM40,-1)} -> 7 | AM43: {=_xlfn.SORTBY(AM37:AM40,AL37:AL40,-1,AO37:AO40,-1,AM37:AM40,-1)} -> 10 | AN43: {=_xlfn.SORTBY(AN37:AN40,AL37:AL40,-1,AO37:AO40,-1,AM37:AM40,-1)} -> 4 | AO43: {=_xlfn.SORTBY(AO37:AO40,AL37:AL40,-1,AO37:AO40,-1,AM37:AM40,-1)} -> 6
A44: 2 | B44: Südafrika | C44: 4 | D44: 2 | E44: 3 | F44: -1 | H44: 2 | I44: Kanada | J44: 4 | K44: 8 | L44: 3 | M44: 5 | O44: 2 | P44: Marokko | Q44: 7 | R44: 6 | S44: 3 | T44: 3 | V44: 2 | W44: Australien | X44: 4 | Y44: 2 | Z44: 2 | AA44: 0 | AC44: 2 | AD44: Elfenbeinküste | AE44: 6 | AF44: 4 | AG44: 2 | AH44: 2 | AJ44: 2 | AK44: Japan | AL44: 5 | AM44: 7 | AN44: 3 | AO44: 4
A45: 3 | B45: Südkorea | C45: 3 | D45: 2 | E45: 3 | F45: -1 | H45: 3 | I45: Bosnien-Herz. | J45: 4 | K45: 5 | L45: 6 | M45: -1 | O45: 3 | P45: Schottland | Q45: 3 | R45: 1 | S45: 4 | T45: -3 | V45: 3 | W45: Paraguay | X45: 4 | Y45: 2 | Z45: 4 | AA45: -2 | AC45: 3 | AD45: Ecuador | AE45: 4 | AF45: 2 | AG45: 2 | AH45: 0 | AJ45: 3 | AK45: Schweden | AL45: 4 | AM45: 7 | AN45: 7 | AO45: 0
A46: 4 | B46: Tschechien | C46: 1 | D46: 2 | E46: 6 | F46: -4 | H46: 4 | I46: Katar | J46: 1 | K46: 2 | L46: 10 | M46: -8 | O46: 4 | P46: Haiti | Q46: 0 | R46: 2 | S46: 8 | T46: -6 | V46: 4 | W46: Türkei | X46: 3 | Y46: 3 | Z46: 5 | AA46: -2 | AC46: 4 | AD46: Curacao | AE46: 1 | AF46: 1 | AG46: 9 | AH46: -8 | AJ46: 4 | AK46: Tunesien | AL46: 0 | AM46: 2 | AN46: 12 | AO46: -10
A48: Gruppe G | H48: Gruppe H | O48: Gruppe I | V48: Gruppe J | AC48: Gruppe K | AJ48: Gruppe L
B50: Runde 1 | I50: Runde 1 | P50: Runde 1 | W50: Runde 1 | AD50: Runde 1 | AK50: Runde 1
B51: Belgien | C51: Ägypten | I51: Spanien | J51: Kap Verde | P51: Frankreich | Q51: Senegal | W51: Argentinien | X51: Algerien | AD51: Portugal | AE51: DR Kongo | AK51: England | AL51: Kroatien
B52: 1 | C52: 1 | I52: 0 | J52: 0 | P52: 3 | Q52: 1 | W52: 3 | X52: 0 | AD52: 1 | AE52: 1 | AK52: 4 | AL52: 2
B53: =IF(B52=C52,"Unentschieden",IF(B52>C52,B51,C51)) -> Unentschieden | I53: =IF(I52=J52,"Unentschieden",IF(I52>J52,I51,J51)) -> Unentschieden | P53: =IF(P52=Q52,"Unentschieden",IF(P52>Q52,P51,Q51)) -> Frankreich | W53: =IF(W52=X52,"Unentschieden",IF(W52>X52,W51,X51)) -> Argentinien | AD53: =IF(AD52=AE52,"Unentschieden",IF(AD52>AE52,AD51,AE51)) -> Unentschieden | AK53: =IF(AK52=AL52,"Unentschieden",IF(AK52>AL52,AK51,AL51)) -> England
B54: =IF(B52=C52,1,IF(B52>C52,3,0)) -> 1 | C54: =IF(C52=B52,1,IF(C52>B52,3,0)) -> 1 | I54: =IF(I52=J52,1,IF(I52>J52,3,0)) -> 1 | J54: =IF(J52=I52,1,IF(J52>I52,3,0)) -> 1 | P54: =IF(P52=Q52,1,IF(P52>Q52,3,0)) -> 3 | Q54: =IF(Q52=P52,1,IF(Q52>P52,3,0)) -> 0 | W54: =IF(W52=X52,1,IF(W52>X52,3,0)) -> 3 | X54: =IF(X52=W52,1,IF(X52>W52,3,0)) -> 0 | AD54: =IF(AD52=AE52,1,IF(AD52>AE52,3,0)) -> 1 | AE54: =IF(AE52=AD52,1,IF(AE52>AD52,3,0)) -> 1 | AK54: =IF(AK52=AL52,1,IF(AK52>AL52,3,0)) -> 3 | AL54: =IF(AL52=AK52,1,IF(AL52>AK52,3,0)) -> 0
B56: Iran | C56: Neuseeland | I56: Saudi-Arabien | J56: Uruguay | P56: Irak | Q56: Norwegen | W56: Österreich | X56: Jordanien | AD56: Usbekistan | AE56: Kolumbien | AK56: Ghana | AL56: Panama
B57: 2 | C57: 2 | I57: 1 | J57: 1 | P57: 1 | Q57: 4 | W57: 3 | X57: 1 | AD57: 1 | AE57: 3 | AK57: 1 | AL57: 0
B58: =IF(B57=C57,"Unentschieden",IF(B57>C57,B56,C56)) -> Unentschieden | I58: =IF(I57=J57,"Unentschieden",IF(I57>J57,I56,J56)) -> Unentschieden | P58: =IF(P57=Q57,"Unentschieden",IF(P57>Q57,P56,Q56)) -> Norwegen | W58: =IF(W57=X57,"Unentschieden",IF(W57>X57,W56,X56)) -> Österreich | AD58: =IF(AD57=AE57,"Unentschieden",IF(AD57>AE57,AD56,AE56)) -> Kolumbien | AK58: =IF(AK57=AL57,"Unentschieden",IF(AK57>AL57,AK56,AL56)) -> Ghana
B59: =IF(B57=C57,1,IF(B57>C57,3,0)) -> 1 | C59: =IF(C57=B57,1,IF(C57>B57,3,0)) -> 1 | I59: =IF(I57=J57,1,IF(I57>J57,3,0)) -> 1 | J59: =IF(J57=I57,1,IF(J57>I57,3,0)) -> 1 | P59: =IF(P57=Q57,1,IF(P57>Q57,3,0)) -> 0 | Q59: =IF(Q57=P57,1,IF(Q57>P57,3,0)) -> 3 | W59: =IF(W57=X57,1,IF(W57>X57,3,0)) -> 3 | X59: =IF(X57=W57,1,IF(X57>W57,3,0)) -> 0 | AD59: =IF(AD57=AE57,1,IF(AD57>AE57,3,0)) -> 0 | AE59: =IF(AE57=AD57,1,IF(AE57>AD57,3,0)) -> 3 | AK59: =IF(AK57=AL57,1,IF(AK57>AL57,3,0)) -> 3 | AL59: =IF(AL57=AK57,1,IF(AL57>AK57,3,0)) -> 0
B61: Runde 2 | I61: Runde 2 | P61: Runde 2 | W61: Runde 2 | AD61: Runde 2 | AK61: Runde 2
B62: Belgien | C62: Iran | I62: Spanien | J62: Saudi-Arabien | P62: Frankreich | Q62: Irak | W62: Argentinien | X62: Österreich | AD62: Portugal | AE62: Usbekistan | AK62: England | AL62: Ghana
B63: 0 | C63: 0 | I63: 4 | J63: 0 | P63: 3 | Q63: 0 | W63: 2 | X63: 0 | AD63: 5 | AE63: 0 | AK63: 0 | AL63: 0
B64: =IF(B63=C63,"Unentschieden",IF(B63>C63,B62,C62)) -> Unentschieden | I64: =IF(I63=J63,"Unentschieden",IF(I63>J63,I62,J62)) -> Spanien | P64: =IF(P63=Q63,"Unentschieden",IF(P63>Q63,P62,Q62)) -> Frankreich | W64: =IF(W63=X63,"Unentschieden",IF(W63>X63,W62,X62)) -> Argentinien | AD64: =IF(AD63=AE63,"Unentschieden",IF(AD63>AE63,AD62,AE62)) -> Portugal | AK64: =IF(AK63=AL63,"Unentschieden",IF(AK63>AL63,AK62,AL62)) -> Unentschieden
B65: =IF(B63=C63,1,IF(B63>C63,3,0)) -> 1 | C65: =IF(C63=B63,1,IF(C63>B63,3,0)) -> 1 | I65: =IF(I63=J63,1,IF(I63>J63,3,0)) -> 3 | J65: =IF(J63=I63,1,IF(J63>I63,3,0)) -> 0 | P65: =IF(P63=Q63,1,IF(P63>Q63,3,0)) -> 3 | Q65: =IF(Q63=P63,1,IF(Q63>P63,3,0)) -> 0 | W65: =IF(W63=X63,1,IF(W63>X63,3,0)) -> 3 | X65: =IF(X63=W63,1,IF(X63>W63,3,0)) -> 0 | AD65: =IF(AD63=AE63,1,IF(AD63>AE63,3,0)) -> 3 | AE65: =IF(AE63=AD63,1,IF(AE63>AD63,3,0)) -> 0 | AK65: =IF(AK63=AL63,1,IF(AK63>AL63,3,0)) -> 1 | AL65: =IF(AL63=AK63,1,IF(AL63>AK63,3,0)) -> 1
B67: Neuseeland | C67: Ägypten | I67: Uruguay | J67: Kap Verde | P67: Norwegen | Q67: Senegal | W67: Jordanien | X67: Algerien | AD67: Kolumbien | AE67: DR Kongo | AK67: Panama | AL67: Kroatien
B68: 1 | C68: 3 | I68: 2 | J68: 2 | P68: 3 | Q68: 2 | W68: 1 | X68: 2 | AD68: 1 | AE68: 0 | AK68: 0 | AL68: 1
B69: =IF(B68=C68,"Unentschieden",IF(B68>C68,B67,C67)) -> Ägypten | I69: =IF(I68=J68,"Unentschieden",IF(I68>J68,I67,J67)) -> Unentschieden | P69: =IF(P68=Q68,"Unentschieden",IF(P68>Q68,P67,Q67)) -> Norwegen | W69: =IF(W68=X68,"Unentschieden",IF(W68>X68,W67,X67)) -> Algerien | AD69: =IF(AD68=AE68,"Unentschieden",IF(AD68>AE68,AD67,AE67)) -> Kolumbien | AK69: =IF(AK68=AL68,"Unentschieden",IF(AK68>AL68,AK67,AL67)) -> Kroatien
B70: =IF(B68=C68,1,IF(B68>C68,3,0)) -> 0 | C70: =IF(C68=B68,1,IF(C68>B68,3,0)) -> 3 | I70: =IF(I68=J68,1,IF(I68>J68,3,0)) -> 1 | J70: =IF(J68=I68,1,IF(J68>I68,3,0)) -> 1 | P70: =IF(P68=Q68,1,IF(P68>Q68,3,0)) -> 3 | Q70: =IF(Q68=P68,1,IF(Q68>P68,3,0)) -> 0 | W70: =IF(W68=X68,1,IF(W68>X68,3,0)) -> 0 | X70: =IF(X68=W68,1,IF(X68>W68,3,0)) -> 3 | AD70: =IF(AD68=AE68,1,IF(AD68>AE68,3,0)) -> 3 | AE70: =IF(AE68=AD68,1,IF(AE68>AD68,3,0)) -> 0 | AK70: =IF(AK68=AL68,1,IF(AK68>AL68,3,0)) -> 0 | AL70: =IF(AL68=AK68,1,IF(AL68>AK68,3,0)) -> 3
B72: Runde 3 | I72: Runde 3 | P72: Runde 3 | W72: Runde 3 | AD72: Runde 3 | AK72: Runde 3
B73: Neuseeland | C73: Belgien | I73: Uruguay | J73: Spanien | P73: Norwegen | Q73: Frankreich | W73: Jordanien | X73: Argentinien | AD73: Kolumbien | AE73: Portugal | AK73: Panama | AL73: England
B74: 1 | C74: 5 | I74: 0 | J74: 1 | P74: 1 | Q74: 4 | W74: 1 | X74: 3 | AD74: 0 | AE74: 0 | AK74: 0 | AL74: 2
B75: =IF(B74=C74,"Unentschieden",IF(B74>C74,B73,C73)) -> Belgien | I75: =IF(I74=J74,"Unentschieden",IF(I74>J74,I73,J73)) -> Spanien | P75: =IF(P74=Q74,"Unentschieden",IF(P74>Q74,P73,Q73)) -> Frankreich | W75: =IF(W74=X74,"Unentschieden",IF(W74>X74,W73,X73)) -> Argentinien | AD75: =IF(AD74=AE74,"Unentschieden",IF(AD74>AE74,AD73,AE73)) -> Unentschieden | AK75: =IF(AK74=AL74,"Unentschieden",IF(AK74>AL74,AK73,AL73)) -> England
B76: =IF(B74=C74,1,IF(B74>C74,3,0)) -> 0 | C76: =IF(C74=B74,1,IF(C74>B74,3,0)) -> 3 | I76: =IF(I74=J74,1,IF(I74>J74,3,0)) -> 0 | J76: =IF(J74=I74,1,IF(J74>I74,3,0)) -> 3 | P76: =IF(P74=Q74,1,IF(P74>Q74,3,0)) -> 0 | Q76: =IF(Q74=P74,1,IF(Q74>P74,3,0)) -> 3 | W76: =IF(W74=X74,1,IF(W74>X74,3,0)) -> 0 | X76: =IF(X74=W74,1,IF(X74>W74,3,0)) -> 3 | AD76: =IF(AD74=AE74,1,IF(AD74>AE74,3,0)) -> 1 | AE76: =IF(AE74=AD74,1,IF(AE74>AD74,3,0)) -> 1 | AK76: =IF(AK74=AL74,1,IF(AK74>AL74,3,0)) -> 0 | AL76: =IF(AL74=AK74,1,IF(AL74>AK74,3,0)) -> 3
B78: Ägypten | C78: Iran | I78: Kap Verde | J78: Saudi-Arabien | P78: Senegal | Q78: Irak | W78: Algerien | X78: Österreich | AD78: DR Kongo | AE78: Usbekistan | AK78: Kroatien | AL78: Ghana
B79: 1 | C79: 1 | I79: 0 | J79: 0 | P79: 5 | Q79: 0 | W79: 3 | X79: 3 | AD79: 3 | AE79: 1 | AK79: 2 | AL79: 1
B80: =IF(B79=C79,"Unentschieden",IF(B79>C79,B78,C78)) -> Unentschieden | I80: =IF(I79=J79,"Unentschieden",IF(I79>J79,I78,J78)) -> Unentschieden | P80: =IF(P79=Q79,"Unentschieden",IF(P79>Q79,P78,Q78)) -> Senegal | W80: =IF(W79=X79,"Unentschieden",IF(W79>X79,W78,X78)) -> Unentschieden | AD80: =IF(AD79=AE79,"Unentschieden",IF(AD79>AE79,AD78,AE78)) -> DR Kongo | AK80: =IF(AK79=AL79,"Unentschieden",IF(AK79>AL79,AK78,AL78)) -> Kroatien
B81: =IF(B79=C79,1,IF(B79>C79,3,0)) -> 1 | C81: =IF(C79=B79,1,IF(C79>B79,3,0)) -> 1 | I81: =IF(I79=J79,1,IF(I79>J79,3,0)) -> 1 | J81: =IF(J79=I79,1,IF(J79>I79,3,0)) -> 1 | P81: =IF(P79=Q79,1,IF(P79>Q79,3,0)) -> 3 | Q81: =IF(Q79=P79,1,IF(Q79>P79,3,0)) -> 0 | W81: =IF(W79=X79,1,IF(W79>X79,3,0)) -> 1 | X81: =IF(X79=W79,1,IF(X79>W79,3,0)) -> 1 | AD81: =IF(AD79=AE79,1,IF(AD79>AE79,3,0)) -> 3 | AE81: =IF(AE79=AD79,1,IF(AE79>AD79,3,0)) -> 0 | AK81: =IF(AK79=AL79,1,IF(AK79>AL79,3,0)) -> 3 | AL81: =IF(AL79=AK79,1,IF(AL79>AK79,3,0)) -> 0
B83: Land | C83: Punkte | D83: T | E83: GT | F83: TD | I83: Land | J83: Punkte | K83: T | L83: GT | M83: TD | P83: Land | Q83: Punkte | R83: T | S83: GT | T83: TD | W83: Land | X83: Punkte | Y83: T | Z83: GT | AA83: TD | AD83: Land | AE83: Punkte | AF83: T | AG83: GT | AH83: TD | AK83: Land | AL83: Punkte | AM83: T | AN83: GT | AO83: TD
B84: Belgien | C84: =B54+B65+C76 -> 5 | D84: =B52+B63+C74 -> 6 | E84: =C52+C63+B74 -> 2 | F84: =D84-E84 -> 4 | I84: Spanien | J84: =I54+I65+J76 -> 7 | K84: =I52+I63+J74 -> 5 | L84: =J52+J63+I74 -> 0 | M84: =K84-L84 -> 5 | P84: Frankreich | Q84: =P54+P65+Q76 -> 9 | R84: =P52+P63+Q74 -> 10 | S84: =Q52+Q63+P74 -> 2 | T84: =R84-S84 -> 8 | W84: Argentinien | X84: =W54+W65+X76 -> 9 | Y84: =W52+W63+X74 -> 8 | Z84: =X52+X63+W74 -> 1 | AA84: =Y84-Z84 -> 7 | AD84: Portugal | AE84: =AD54+AD65+AE76 -> 5 | AF84: =AD52+AD63+AE74 -> 6 | AG84: =AE52+AE63+AD74 -> 1 | AH84: =AF84-AG84 -> 5 | AK84: England | AL84: =AK54+AK65+AL76 -> 7 | AM84: =AK52+AK63+AL74 -> 6 | AN84: =AL52+AL63+AK74 -> 2 | AO84: =AM84-AN84 -> 4
B85: Ägypten | C85: =C54+C70+B81 -> 5 | D85: =C52+C68+B79 -> 5 | E85: =B52+B68+C79 -> 3 | F85: =D85-E85 -> 2 | I85: Kap Verde | J85: =J54+J70+I81 -> 3 | K85: =J52+J68+I79 -> 2 | L85: =I52+I68+J79 -> 2 | M85: =K85-L85 -> 0 | P85: Senegal | Q85: =Q54+Q70+P81 -> 3 | R85: =Q52+Q68+P79 -> 8 | S85: =P52+P68+Q79 -> 6 | T85: =R85-S85 -> 2 | W85: Algerien | X85: =X54+X70+W81 -> 4 | Y85: =X52+X68+W79 -> 5 | Z85: =W52+W68+X79 -> 7 | AA85: =Y85-Z85 -> -2 | AD85: DR Kongo | AE85: =AE54+AE70+AD81 -> 4 | AF85: =AE52+AE68+AD79 -> 4 | AG85: =AD52+AD68+AE79 -> 3 | AH85: =AF85-AG85 -> 1 | AK85: Kroatien | AL85: =AL54+AL70+AK81 -> 6 | AM85: =AL52+AL68+AK79 -> 5 | AN85: =AK52+AK68+AL79 -> 5 | AO85: =AM85-AN85 -> 0
B86: Iran | C86: =B59+C65+C81 -> 3 | D86: =B57+C63+C79 -> 3 | E86: =C57+B63+B79 -> 3 | F86: =D86-E86 -> 0 | I86: Saudi-Arabien | J86: =I59+J65+J81 -> 2 | K86: =I57+J63+J79 -> 1 | L86: =J57+I63+I79 -> 5 | M86: =K86-L86 -> -4 | P86: Irak | Q86: =P59+Q65+Q81 -> 0 | R86: =P57+Q63+Q79 -> 1 | S86: =Q57+P63+P79 -> 12 | T86: =R86-S86 -> -11 | W86: Österreich | X86: =W59+X65+X81 -> 4 | Y86: =W57+X63+X79 -> 6 | Z86: =X57+W63+W79 -> 6 | AA86: =Y86-Z86 -> 0 | AD86: Usbekistan | AE86: =AD59+AE65+AE81 -> 0 | AF86: =AD57+AE63+AE79 -> 2 | AG86: =AE57+AD63+AD79 -> 11 | AH86: =AF86-AG86 -> -9 | AK86: Ghana | AL86: =AK59+AL65+AL81 -> 4 | AM86: =AK57+AL63+AL79 -> 2 | AN86: =AL57+AK63+AK79 -> 2 | AO86: =AM86-AN86 -> 0
B87: Neuseeland | C87: =C59+B70+B76 -> 1 | D87: =C57+B68+B74 -> 4 | E87: =B57+C68+C74 -> 10 | F87: =D87-E87 -> -6 | I87: Uruguay | J87: =J59+I70+I76 -> 2 | K87: =J57+I68+I74 -> 3 | L87: =I57+J68+J74 -> 4 | M87: =K87-L87 -> -1 | P87: Norwegen | Q87: =Q59+P70+P76 -> 6 | R87: =Q57+P68+P74 -> 8 | S87: =P57+Q68+Q74 -> 7 | T87: =R87-S87 -> 1 | W87: Jordanien | X87: =X59+W70+W76 -> 0 | Y87: =X57+W68+W74 -> 3 | Z87: =W57+X68+X74 -> 8 | AA87: =Y87-Z87 -> -5 | AD87: Kolumbien | AE87: =AE59+AD70+AD76 -> 7 | AF87: =AE57+AD68+AD74 -> 4 | AG87: =AD57+AE68+AE74 -> 1 | AH87: =AF87-AG87 -> 3 | AK87: Panama | AL87: =AL59+AK70+AK76 -> 0 | AM87: =AL57+AK68+AK74 -> 0 | AN87: =AK57+AL68+AL74 -> 4 | AO87: =AM87-AN87 -> -4
B89: Rangliste: | I89: Rangliste: | P89: Rangliste: | W89: Rangliste: | AD89: Rangliste: | AK89: Rangliste:
A90: 1 | B90: {=_xlfn.SORTBY(B84:B87,C84:C87,-1,F84:F87,-1,D84:D87,-1)} -> Belgien | C90: {=_xlfn.SORTBY(C84:C87,C84:C87,-1,F84:F87,-1,D84:D87,-1)} -> 5 | D90: {=_xlfn.SORTBY(D84:D87,C84:C87,-1,F84:F87,-1,D84:D87,-1)} -> 6 | E90: {=_xlfn.SORTBY(E84:E87,C84:C87,-1,F84:F87,-1,D84:D87,-1)} -> 2 | F90: {=_xlfn.SORTBY(F84:F87,C84:C87,-1,F84:F87,-1,D84:D87,-1)} -> 4 | H90: 1 | I90: {=_xlfn.SORTBY(I84:I87,J84:J87,-1,M84:M87,-1,K84:K87,-1)} -> Spanien | J90: {=_xlfn.SORTBY(J84:J87,J84:J87,-1,M84:M87,-1,K84:K87,-1)} -> 7 | K90: {=_xlfn.SORTBY(K84:K87,J84:J87,-1,M84:M87,-1,K84:K87,-1)} -> 5 | L90: {=_xlfn.SORTBY(L84:L87,J84:J87,-1,M84:M87,-1,K84:K87,-1)} -> 0 | M90: {=_xlfn.SORTBY(M84:M87,J84:J87,-1,M84:M87,-1,K84:K87,-1)} -> 5 | O90: 1 | P90: {=_xlfn.SORTBY(P84:P87,Q84:Q87,-1,T84:T87,-1,R84:R87,-1)} -> Frankreich | Q90: {=_xlfn.SORTBY(Q84:Q87,Q84:Q87,-1,T84:T87,-1,R84:R87,-1)} -> 9 | R90: {=_xlfn.SORTBY(R84:R87,Q84:Q87,-1,T84:T87,-1,R84:R87,-1)} -> 10 | S90: {=_xlfn.SORTBY(S84:S87,Q84:Q87,-1,T84:T87,-1,R84:R87,-1)} -> 2 | T90: {=_xlfn.SORTBY(T84:T87,Q84:Q87,-1,T84:T87,-1,R84:R87,-1)} -> 8 | V90: 1 | W90: {=_xlfn.SORTBY(W84:W87,X84:X87,-1,AA84:AA87,-1,Y84:Y87,-1)} -> Argentinien | X90: {=_xlfn.SORTBY(X84:X87,X84:X87,-1,AA84:AA87,-1,Y84:Y87,-1)} -> 9 | Y90: {=_xlfn.SORTBY(Y84:Y87,X84:X87,-1,AA84:AA87,-1,Y84:Y87,-1)} -> 8 | Z90: {=_xlfn.SORTBY(Z84:Z87,X84:X87,-1,AA84:AA87,-1,Y84:Y87,-1)} -> 1 | AA90: {=_xlfn.SORTBY(AA84:AA87,X84:X87,-1,AA84:AA87,-1,Y84:Y87,-1)} -> 7 | AC90: 1 | AD90: {=_xlfn.SORTBY(AD84:AD87,AE84:AE87,-1,AH84:AH87,-1,AF84:AF87,-1)} -> Kolumbien | AE90: {=_xlfn.SORTBY(AE84:AE87,AE84:AE87,-1,AH84:AH87,-1,AF84:AF87,-1)} -> 7 | AF90: {=_xlfn.SORTBY(AF84:AF87,AE84:AE87,-1,AH84:AH87,-1,AF84:AF87,-1)} -> 4 | AG90: {=_xlfn.SORTBY(AG84:AG87,AE84:AE87,-1,AH84:AH87,-1,AF84:AF87,-1)} -> 1 | AH90: {=_xlfn.SORTBY(AH84:AH87,AE84:AE87,-1,AH84:AH87,-1,AF84:AF87,-1)} -> 3 | AJ90: 1 | AK90: {=_xlfn.SORTBY(AK84:AK87,AL84:AL87,-1,AO84:AO87,-1,AM84:AM87,-1)} -> England | AL90: {=_xlfn.SORTBY(AL84:AL87,AL84:AL87,-1,AO84:AO87,-1,AM84:AM87,-1)} -> 7 | AM90: {=_xlfn.SORTBY(AM84:AM87,AL84:AL87,-1,AO84:AO87,-1,AM84:AM87,-1)} -> 6 | AN90: {=_xlfn.SORTBY(AN84:AN87,AL84:AL87,-1,AO84:AO87,-1,AM84:AM87,-1)} -> 2 | AO90: {=_xlfn.SORTBY(AO84:AO87,AL84:AL87,-1,AO84:AO87,-1,AM84:AM87,-1)} -> 4
A91: 2 | B91: Ägypten | C91: 5 | D91: 5 | E91: 3 | F91: 2 | H91: 2 | I91: Kap Verde | J91: 3 | K91: 2 | L91: 2 | M91: 0 | O91: 2 | P91: Norwegen | Q91: 6 | R91: 8 | S91: 7 | T91: 1 | V91: 2 | W91: Österreich | X91: 4 | Y91: 6 | Z91: 6 | AA91: 0 | AC91: 2 | AD91: Portugal | AE91: 5 | AF91: 6 | AG91: 1 | AH91: 5 | AJ91: 2 | AK91: Kroatien | AL91: 6 | AM91: 5 | AN91: 5 | AO91: 0
A92: 3 | B92: Iran | C92: 3 | D92: 3 | E92: 3 | F92: 0 | H92: 3 | I92: Uruguay | J92: 2 | K92: 3 | L92: 4 | M92: -1 | O92: 3 | P92: Senegal | Q92: 3 | R92: 8 | S92: 6 | T92: 2 | V92: 3 | W92: Algerien | X92: 4 | Y92: 5 | Z92: 7 | AA92: -2 | AC92: 3 | AD92: DR Kongo | AE92: 4 | AF92: 4 | AG92: 3 | AH92: 1 | AJ92: 3 | AK92: Ghana | AL92: 4 | AM92: 2 | AN92: 2 | AO92: 0
A93: 4 | B93: Neuseeland | C93: 1 | D93: 4 | E93: 10 | F93: -6 | H93: 4 | I93: Saudi-Arabien | J93: 2 | K93: 1 | L93: 5 | M93: -4 | O93: 4 | P93: Irak | Q93: 0 | R93: 1 | S93: 12 | T93: -11 | V93: 4 | W93: Jordanien | X93: 0 | Y93: 3 | Z93: 8 | AA93: -5 | AC93: 4 | AD93: Usbekistan | AE93: 0 | AF93: 2 | AG93: 11 | AH93: -9 | AJ93: 4 | AK93: Panama | AL93: 0 | AM93: 0 | AN93: 4 | AO93: -4
U95: Drittplatzierte
R97: Land | U97: Punkte | V97: Tore | W97: Gegentore | X97: Tordifferenz
R98: =B92 -> Iran | U98: =C92 -> 3 | V98: =D92 -> 3 | W98: =E92 -> 3 | X98: =F92 -> 0
R99: =I92 -> Uruguay | U99: =J92 -> 2 | V99: =K92 -> 3 | W99: =L92 -> 4 | X99: =M92 -> -1
R100: =P92 -> Senegal | U100: =Q92 -> 3 | V100: =R92 -> 8 | W100: =S92 -> 6 | X100: =T92 -> 2
R101: =W92 -> Algerien | U101: =X92 -> 4 | V101: =Y92 -> 5 | W101: =Z92 -> 7 | X101: =AA92 -> -2
R102: =AD92 -> DR Kongo | U102: =AE92 -> 4 | V102: =AF92 -> 4 | W102: =AG92 -> 3 | X102: =AH92 -> 1
R103: =AK92 -> Ghana | U103: =AL92 -> 4 | V103: =AM92 -> 2 | W103: =AN92 -> 2 | X103: =AO92 -> 0
R104: =B45 -> Südkorea | U104: =C45 -> 3 | V104: =D45 -> 2 | W104: =E45 -> 3 | X104: =F45 -> -1
R105: =I45 -> Bosnien-Herz. | U105: =J45 -> 4 | V105: =K45 -> 5 | W105: =L45 -> 6 | X105: =M45 -> -1
R106: =P45 -> Schottland | U106: =Q45 -> 3 | V106: =R45 -> 1 | W106: =S45 -> 4 | X106: =T45 -> -3
R107: =W45 -> Paraguay | U107: =X45 -> 4 | V107: =Y45 -> 2 | W107: =Z45 -> 4 | X107: =AA45 -> -2
R108: =AD45 -> Ecuador | U108: =AE45 -> 4 | V108: =AF45 -> 2 | W108: =AG45 -> 2 | X108: =AH45 -> 0
R109: =AK45 -> Schweden | U109: =AL45 -> 4 | V109: =AM45 -> 7 | W109: =AN45 -> 7 | X109: =AO45 -> 0
Q112: 1 | R112: {=_xlfn.SORTBY(R98:R109,U98:U109,-1,X98:X109,-1,V98:V109,-1)} -> DR Kongo | U112: {=_xlfn.SORTBY(U98:U109,U98:U109,-1,X98:X109,-1,V98:V109,-1)} -> 4 | V112: {=_xlfn.SORTBY(V98:V109,U98:U109,-1,X98:X109,-1,V98:V109,-1)} -> 4 | W112: {=_xlfn.SORTBY(W98:W109,U98:U109,-1,X98:X109,-1,V98:V109,-1)} -> 3 | X112: {=_xlfn.SORTBY(X98:X109,U98:U109,-1,X98:X109,-1,V98:V109,-1)} -> 1
Q113: 2 | R113: Schweden | U113: 4 | V113: 7 | W113: 7 | X113: 0
Q114: 3 | R114: Ghana | U114: 4 | V114: 2 | W114: 2 | X114: 0
Q115: 4 | R115: Ecuador | U115: 4 | V115: 2 | W115: 2 | X115: 0
Q116: 5 | R116: Bosnien-Herz. | U116: 4 | V116: 5 | W116: 6 | X116: -1
Q117: 6 | R117: Algerien | U117: 4 | V117: 5 | W117: 7 | X117: -2
Q118: 7 | R118: Paraguay | U118: 4 | V118: 2 | W118: 4 | X118: -2
Q119: 8 | R119: Senegal | U119: 3 | V119: 8 | W119: 6 | X119: 2
Q120: 9 | R120: Iran | U120: 3 | V120: 3 | W120: 3 | X120: 0
Q121: 10 | R121: Südkorea | U121: 3 | V121: 2 | W121: 3 | X121: -1
...

Sheet Sebi
B1: Gruppe A | H1: Gruppe B | O1: Gruppe C | V1: Gruppe D | AC1: Gruppe E | AJ1: Gruppe F
B3: Runde 1 | I3: Runde 1 | P3: Runde 1 | W3: Runde 1 | AD3: Runde 1 | AK3: Runde 1
B4: Mexiko | C4: Südafrika | I4: Kanada | J4: Bosnien-Herz. | P4: Brasilien | Q4: Marokko | W4: USA | X4: Paraguay | AD4: Deutschland | AE4: Curacao | AK4: Niederlande | AL4: Japan
B5: 4 | C5: 0 | I5: 1 | J5: 2 | P5: 2 | Q5: 1 | W5: 2 | X5: 1 | AD5: 4 | AE5: 1 | AK5: 2 | AL5: 0
B6: =IF(B5=C5,"Unentschieden",IF(B5>C5,B4,C4)) -> Mexiko | I6: =IF(I5=J5,"Unentschieden",IF(I5>J5,I4,J4)) -> Bosnien-Herz. | P6: =IF(P5=Q5,"Unentschieden",IF(P5>Q5,P4,Q4)) -> Brasilien | W6: =IF(W5=X5,"Unentschieden",IF(W5>X5,W4,X4)) -> USA | AD6: =IF(AD5=AE5,"Unentschieden",IF(AD5>AE5,AD4,AE4)) -> Deutschland | AK6: =IF(AK5=AL5,"Unentschieden",IF(AK5>AL5,AK4,AL4)) -> Niederlande
B7: =IF(B5=C5,1,IF(B5>C5,3,0)) -> 3 | C7: =IF(C5=B5,1,IF(C5>B5,3,0)) -> 0 | I7: =IF(I5=J5,1,IF(I5>J5,3,0)) -> 0 | J7: =IF(J5=I5,1,IF(J5>I5,3,0)) -> 3 | P7: =IF(P5=Q5,1,IF(P5>Q5,3,0)) -> 3 | Q7: =IF(Q5=P5,1,IF(Q5>P5,3,0)) -> 0 | W7: =IF(W5=X5,1,IF(W5>X5,3,0)) -> 3 | X7: =IF(X5=W5,1,IF(X5>W5,3,0)) -> 0 | AD7: =IF(AD5=AE5,1,IF(AD5>AE5,3,0)) -> 3 | AE7: =IF(AE5=AD5,1,IF(AE5>AD5,3,0)) -> 0 | AK7: =IF(AK5=AL5,1,IF(AK5>AL5,3,0)) -> 3 | AL7: =IF(AL5=AK5,1,IF(AL5>AK5,3,0)) -> 0
B9: Südkorea | C9: Tschechien | I9: Katar | J9: Schweiz | P9: Haiti | Q9: Schottland | W9: Australien | X9: Türkei | AD9: Elfenbeinküste | AE9: Ecuador | AK9: Schweden | AL9: Tunesien
B10: 0 | C10: 1 | I10: 0 | J10: 3 | P10: 0 | Q10: 2 | W10: 0 | X10: 1 | AD10: 1 | AE10: 1 | AK10: 2 | AL10: 0
B11: =IF(B10=C10,"Unentschieden",IF(B10>C10,B9,C9)) -> Tschechien | I11: =IF(I10=J10,"Unentschieden",IF(I10>J10,I9,J9)) -> Schweiz | P11: =IF(P10=Q10,"Unentschieden",IF(P10>Q10,P9,Q9)) -> Schottland | W11: =IF(W10=X10,"Unentschieden",IF(W10>X10,W9,X9)) -> Türkei | AD11: =IF(AD10=AE10,"Unentschieden",IF(AD10>AE10,AD9,AE9)) -> Unentschieden | AK11: =IF(AK10=AL10,"Unentschieden",IF(AK10>AL10,AK9,AL9)) -> Schweden
B12: =IF(B10=C10,1,IF(B10>C10,3,0)) -> 0 | C12: =IF(C10=B10,1,IF(C10>B10,3,0)) -> 3 | I12: =IF(I10=J10,1,IF(I10>J10,3,0)) -> 0 | J12: =IF(J10=I10,1,IF(J10>I10,3,0)) -> 3 | P12: =IF(P10=Q10,1,IF(P10>Q10,3,0)) -> 0 | Q12: =IF(Q10=P10,1,IF(Q10>P10,3,0)) -> 3 | W12: =IF(W10=X10,1,IF(W10>X10,3,0)) -> 0 | X12: =IF(X10=W10,1,IF(X10>W10,3,0)) -> 3 | AD12: =IF(AD10=AE10,1,IF(AD10>AE10,3,0)) -> 1 | AE12: =IF(AE10=AD10,1,IF(AE10>AD10,3,0)) -> 1 | AK12: =IF(AK10=AL10,1,IF(AK10>AL10,3,0)) -> 3 | AL12: =IF(AL10=AK10,1,IF(AL10>AK10,3,0)) -> 0
B14: Runde 2 | I14: Runde 2 | P14: Runde 2 | W14: Runde 2 | AD14: Runde 2 | AK14: Runde 2
B15: Tschechien | C15: Südafrika | I15: Schweiz | J15: Bosnien-Herz. | P15: Schottland | Q15: Marokko | W15: Türkei | X15: Paraguay | AD15: Ecuador | AE15: Curacao | AK15: Tunesien | AL15: Japan
B16: 2 | C16: 0 | I16: 2 | J16: 1 | P16: 1 | Q16: 0 | W16: 1 | X16: 1 | AD16: 2 | AE16: 0 | AK16: 0 | AL16: 1
B17: =IF(B16=C16,"Unentschieden",IF(B16>C16,B15,C15)) -> Tschechien | I17: =IF(I16=J16,"Unentschieden",IF(I16>J16,I15,J15)) -> Schweiz | P17: =IF(P16=Q16,"Unentschieden",IF(P16>Q16,P15,Q15)) -> Schottland | W17: =IF(W16=X16,"Unentschieden",IF(W16>X16,W15,X15)) -> Unentschieden | AD17: =IF(AD16=AE16,"Unentschieden",IF(AD16>AE16,AD15,AE15)) -> Ecuador | AK17: =IF(AK16=AL16,"Unentschieden",IF(AK16>AL16,AK15,AL15)) -> Japan
B18: =IF(B16=C16,1,IF(B16>C16,3,0)) -> 3 | C18: =IF(C16=B16,1,IF(C16>B16,3,0)) -> 0 | I18: =IF(I16=J16,1,IF(I16>J16,3,0)) -> 3 | J18: =IF(J16=I16,1,IF(J16>I16,3,0)) -> 0 | P18: =IF(P16=Q16,1,IF(P16>Q16,3,0)) -> 3 | Q18: =IF(Q16=P16,1,IF(Q16>P16,3,0)) -> 0 | W18: =IF(W16=X16,1,IF(W16>X16,3,0)) -> 1 | X18: =IF(X16=W16,1,IF(X16>W16,3,0)) -> 1 | AD18: =IF(AD16=AE16,1,IF(AD16>AE16,3,0)) -> 3 | AE18: =IF(AE16=AD16,1,IF(AE16>AD16,3,0)) -> 0 | AK18: =IF(AK16=AL16,1,IF(AK16>AL16,3,0)) -> 0 | AL18: =IF(AL16=AK16,1,IF(AL16>AK16,3,0)) -> 3
B20: Mexiko | C20: Südkorea | I20: Kanada | J20: Katar | P20: Brasilien | Q20: Haiti | W20: USA | X20: Australien | AD20: Deutschland | AE20: Elfenbeinküste | AK20: Niederlande | AL20: Schweden
B21: 2 | C21: 1 | I21: 2 | J21: 1 | P21: 5 | Q21: 0 | W21: 1 | X21: 1 | AD21: 1 | AE21: 1 | AK21: 2 | AL21: 1
B22: =IF(B21=C21,"Unentschieden",IF(B21>C21,B20,C20)) -> Mexiko | I22: =IF(I21=J21,"Unentschieden",IF(I21>J21,I20,J20)) -> Kanada | P22: =IF(P21=Q21,"Unentschieden",IF(P21>Q21,P20,Q20)) -> Brasilien | W22: =IF(W21=X21,"Unentschieden",IF(W21>X21,W20,X20)) -> Unentschieden | AD22: =IF(AD21=AE21,"Unentschieden",IF(AD21>AE21,AD20,AE20)) -> Unentschieden | AK22: =IF(AK21=AL21,"Unentschieden",IF(AK21>AL21,AK20,AL20)) -> Niederlande
B23: =IF(B21=C21,1,IF(B21>C21,3,0)) -> 3 | C23: =IF(C21=B21,1,IF(C21>B21,3,0)) -> 0 | I23: =IF(I21=J21,1,IF(I21>J21,3,0)) -> 3 | J23: =IF(J21=I21,1,IF(J21>I21,3,0)) -> 0 | P23: =IF(P21=Q21,1,IF(P21>Q21,3,0)) -> 3 | Q23: =IF(Q21=P21,1,IF(Q21>P21,3,0)) -> 0 | W23: =IF(W21=X21,1,IF(W21>X21,3,0)) -> 1 | X23: =IF(X21=W21,1,IF(X21>W21,3,0)) -> 1 | AD23: =IF(AD21=AE21,1,IF(AD21>AE21,3,0)) -> 1 | AE23: =IF(AE21=AD21,1,IF(AE21>AD21,3,0)) -> 1 | AK23: =IF(AK21=AL21,1,IF(AK21>AL21,3,0)) -> 3 | AL23: =IF(AL21=AK21,1,IF(AL21>AK21,3,0)) -> 0
B25: Runde 3 | I25: Runde 3 | P25: Runde 3 | W25: Runde 3 | AD25: Runde 3 | AK25: Runde 3
B26: Südafrika | C26: Südkorea | I26: Bosnien-Herz. | J26: Katar | P26: Marokko | Q26: Haiti | W26: Paraguay | X26: Australien | AD26: Curacao | AE26: Elfenbeinküste | AK26: Japan | AL26: Schweden
B27: 0 | C27: 2 | I27: 2 | J27: 0 | P27: 4 | Q27: 0 | W27: 1 | X27: 2 | AD27: 1 | AE27: 1 | AK27: 2 | AL27: 2
B28: =IF(B27=C27,"Unentschieden",IF(B27>C27,B26,C26)) -> Südkorea | I28: =IF(I27=J27,"Unentschieden",IF(I27>J27,I26,J26)) -> Bosnien-Herz. | P28: =IF(P27=Q27,"Unentschieden",IF(P27>Q27,P26,Q26)) -> Marokko | W28: =IF(W27=X27,"Unentschieden",IF(W27>X27,W26,X26)) -> Australien | AD28: =IF(AD27=AE27,"Unentschieden",IF(AD27>AE27,AD26,AE26)) -> Unentschieden | AK28: =IF(AK27=AL27,"Unentschieden",IF(AK27>AL27,AK26,AL26)) -> Unentschieden
B29: =IF(B27=C27,1,IF(B27>C27,3,0)) -> 0 | C29: =IF(C27=B27,1,IF(C27>B27,3,0)) -> 3 | I29: =IF(I27=J27,1,IF(I27>J27,3,0)) -> 3 | J29: =IF(J27=I27,1,IF(J27>I27,3,0)) -> 0 | P29: =IF(P27=Q27,1,IF(P27>Q27,3,0)) -> 3 | Q29: =IF(Q27=P27,1,IF(Q27>P27,3,0)) -> 0 | W29: =IF(W27=X27,1,IF(W27>X27,3,0)) -> 0 | X29: =IF(X27=W27,1,IF(X27>W27,3,0)) -> 3 | AD29: =IF(AD27=AE27,1,IF(AD27>AE27,3,0)) -> 1 | AE29: =IF(AE27=AD27,1,IF(AE27>AD27,3,0)) -> 1 | AK29: =IF(AK27=AL27,1,IF(AK27>AL27,3,0)) -> 1 | AL29: =IF(AL27=AK27,1,IF(AL27>AK27,3,0)) -> 1
B31: Tschechien | C31: Mexiko | I31: Schweiz | J31: Kanada | P31: Schottland | Q31: Brasilien | W31: Türkei | X31: USA | AD31: Ecuador | AE31: Deutschland | AK31: Tunesien | AL31: Niederlande
B32: 1 | C32: 1 | I32: 1 | J32: 0 | P32: 0 | Q32: 1 | W32: 2 | X32: 1 | AD32: 1 | AE32: 3 | AK32: 0 | AL32: 4
B33: =IF(B32=C32,"Unentschieden",IF(B32>C32,B31,C31)) -> Unentschieden | I33: =IF(I32=J32,"Unentschieden",IF(I32>J32,I31,J31)) -> Schweiz | P33: =IF(P32=Q32,"Unentschieden",IF(P32>Q32,P31,Q31)) -> Brasilien | W33: =IF(W32=X32,"Unentschieden",IF(W32>X32,W31,X31)) -> Türkei | AD33: =IF(AD32=AE32,"Unentschieden",IF(AD32>AE32,AD31,AE31)) -> Deutschland | AK33: =IF(AK32=AL32,"Unentschieden",IF(AK32>AL32,AK31,AL31)) -> Niederlande
B34: =IF(B32=C32,1,IF(B32>C32,3,0)) -> 1 | C34: =IF(C32=B32,1,IF(C32>B32,3,0)) -> 1 | I34: =IF(I32=J32,1,IF(I32>J32,3,0)) -> 3 | J34: =IF(J32=I32,1,IF(J32>I32,3,0)) -> 0 | P34: =IF(P32=Q32,1,IF(P32>Q32,3,0)) -> 0 | Q34: =IF(Q32=P32,1,IF(Q32>P32,3,0)) -> 3 | W34: =IF(W32=X32,1,IF(W32>X32,3,0)) -> 3 | X34: =IF(X32=W32,1,IF(X32>W32,3,0)) -> 0 | AD34: =IF(AD32=AE32,1,IF(AD32>AE32,3,0)) -> 0 | AE34: =IF(AE32=AD32,1,IF(AE32>AD32,3,0)) -> 3 | AK34: =IF(AK32=AL32,1,IF(AK32>AL32,3,0)) -> 0 | AL34: =IF(AL32=AK32,1,IF(AL32>AK32,3,0)) -> 3
B36: Land | C36: Punkte | D36: T | E36: GT | F36: TD | I36: Land | J36: Punkte | K36: T | L36: GT | M36: TD | P36: Land | Q36: Punkte | R36: T | S36: GT | T36: TD | W36: Land | X36: Punkte | Y36: T | Z36: GT | AA36: TD | AD36: Land | AE36: Punkte | AF36: T | AG36: GT | AH36: TD | AK36: Land | AL36: Punkte | AM36: T | AN36: GT | AO36: TD
B37: Mexiko | C37: =B7+B23+C34 -> 7 | D37: =B5+B21+C32 -> 7 | E37: =C5+C21+B32 -> 2 | F37: =D37-E37 -> 5 | I37: Kanada | J37: =I7+I23+J34 -> 3 | K37: =I5+I21+J32 -> 3 | L37: =J5+J21+I32 -> 4 | M37: =K37-L37 -> -1 | P37: Brasilien | Q37: =P7+P23+Q34 -> 9 | R37: =P5+P21+Q32 -> 8 | S37: =Q5+Q21+P32 -> 1 | T37: =R37-S37 -> 7 | W37: USA | X37: =W7+W23+X34 -> 4 | Y37: =W5+W21+X32 -> 4 | Z37: =X5+X21+W32 -> 4 | AA37: =Y37-Z37 -> 0 | AD37: Deutschland | AE37: =AD7+AD23+AE34 -> 7 | AF37: =AD5+AD21+AE32 -> 8 | AG37: =AE5+AE21+AD32 -> 3 | AH37: =AF37-AG37 -> 5 | AK37: Niederlande | AL37: =AK7+AK23+AL34 -> 9 | AM37: =AK5+AK21+AL32 -> 8 | AN37: =AL5+AL21+AK32 -> 1 | AO37: =AM37-AN37 -> 7
B38: Südafrika | C38: =C7+C18+B29 -> 0 | D38: =C5+C16+B27 -> 0 | E38: =B5+B16+C27 -> 8 | F38: =D38-E38 -> -8 | I38: Bosnien-Herz. | J38: =J7+J18+I29 -> 6 | K38: =J5+J16+I27 -> 5 | L38: =I5+I16+J27 -> 3 | M38: =K38-L38 -> 2 | P38: Marokko | Q38: =Q7+Q18+P29 -> 3 | R38: =Q5+Q16+P27 -> 5 | S38: =P5+P16+Q27 -> 3 | T38: =R38-S38 -> 2 | W38: Paraguay | X38: =X7+X18+W29 -> 1 | Y38: =X5+X16+W27 -> 3 | Z38: =W5+W16+X27 -> 5 | AA38: =Y38-Z38 -> -2 | AD38: Curacao | AE38: =AE7+AE18+AD29 -> 1 | AF38: =AE5+AE16+AD27 -> 2 | AG38: =AD5+AD16+AE27 -> 7 | AH38: =AF38-AG38 -> -5 | AK38: Japan | AL38: =AL7+AL18+AK29 -> 4 | AM38: =AL5+AL16+AK27 -> 3 | AN38: =AK5+AK16+AL27 -> 4 | AO38: =AM38-AN38 -> -1
B39: Südkorea | C39: =B12+C23+C29 -> 3 | D39: =B10+C21+C27 -> 3 | E39: =C10+B21+B27 -> 3 | F39: =D39-E39 -> 0 | I39: Katar | J39: =I12+J23+J29 -> 0 | K39: =I10+J21+J27 -> 1 | L39: =J10+I21+I27 -> 7 | M39: =K39-L39 -> -6 | P39: Haiti | Q39: =P12+Q23+Q29 -> 0 | R39: =P10+Q21+Q27 -> 0 | S39: =Q10+P21+P27 -> 11 | T39: =R39-S39 -> -11 | W39: Australien | X39: =W12+X23+X29 -> 4 | Y39: =W10+X21+X27 -> 3 | Z39: =X10+W21+W27 -> 3 | AA39: =Y39-Z39 -> 0 | AD39: Elfenbeinküste | AE39: =AD12+AE23+AE29 -> 3 | AF39: =AD10+AE21+AE27 -> 3 | AG39: =AE10+AD21+AD27 -> 3 | AH39: =AF39-AG39 -> 0 | AK39: Schweden | AL39: =AK12+AL23+AL29 -> 4 | AM39: =AK10+AL21+AL27 -> 5 | AN39: =AL10+AK21+AK27 -> 4 | AO39: =AM39-AN39 -> 1
B40: Tschechien | C40: =C12+B18+B34 -> 7 | D40: =C10+B16+B32 -> 4 | E40: =B10+C16+C32 -> 1 | F40: =D40-E40 -> 3 | I40: Schweiz | J40: =J12+I18+I34 -> 9 | K40: =J10+I16+I32 -> 6 | L40: =I10+J16+J32 -> 1 | M40: =K40-L40 -> 5 | P40: Schottland | Q40: =Q12+P18+P34 -> 6 | R40: =Q10+P16+P32 -> 3 | S40: =P10+Q16+Q32 -> 1 | T40: =R40-S40 -> 2 | W40: Türkei | X40: =X12+W18+W34 -> 7 | Y40: =X10+W16+W32 -> 4 | Z40: =W10+X16+X32 -> 2 | AA40: =Y40-Z40 -> 2 | AD40: Ecuador | AE40: =AE12+AD18+AD34 -> 4 | AF40: =AE10+AD16+AD32 -> 4 | AG40: =AD10+AE16+AE32 -> 4 | AH40: =AF40-AG40 -> 0 | AK40: Tunesien | AL40: =AL12+AK18+AK34 -> 0 | AM40: =AL10+AK16+AK32 -> 0 | AN40: =AK10+AL16+AL32 -> 7 | AO40: =AM40-AN40 -> -7
B42: Rangliste: | I42: Rangliste: | P42: Rangliste: | W42: Rangliste: | AD42: Rangliste: | AK42: Rangliste:
A43: 1 | B43: {=_xlfn.SORTBY(B37:B40,C37:C40,-1,F37:F40,-1,D37:D40,-1)} -> Mexiko | C43: {=_xlfn.SORTBY(C37:C40,C37:C40,-1,F37:F40,-1,D37:D40,-1)} -> 7 | D43: {=_xlfn.SORTBY(D37:D40,C37:C40,-1,F37:F40,-1,D37:D40,-1)} -> 7 | E43: {=_xlfn.SORTBY(E37:E40,C37:C40,-1,F37:F40,-1,D37:D40,-1)} -> 2 | F43: {=_xlfn.SORTBY(F37:F40,C37:C40,-1,F37:F40,-1,D37:D40,-1)} -> 5 | H43: 1 | I43: {=_xlfn.SORTBY(I37:I40,J37:J40,-1,M37:M40,-1,K37:K40,-1)} -> Schweiz | J43: {=_xlfn.SORTBY(J37:J40,J37:J40,-1,M37:M40,-1,K37:K40,-1)} -> 9 | K43: {=_xlfn.SORTBY(K37:K40,J37:J40,-1,M37:M40,-1,K37:K40,-1)} -> 6 | L43: {=_xlfn.SORTBY(L37:L40,J37:J40,-1,M37:M40,-1,K37:K40,-1)} -> 1 | M43: {=_xlfn.SORTBY(M37:M40,J37:J40,-1,M37:M40,-1,K37:K40,-1)} -> 5 | O43: 1 | P43: {=_xlfn.SORTBY(P37:P40,Q37:Q40,-1,T37:T40,-1,R37:R40,-1)} -> Brasilien | Q43: {=_xlfn.SORTBY(Q37:Q40,Q37:Q40,-1,T37:T40,-1,R37:R40,-1)} -> 9 | R43: {=_xlfn.SORTBY(R37:R40,Q37:Q40,-1,T37:T40,-1,R37:R40,-1)} -> 8 | S43: {=_xlfn.SORTBY(S37:S40,Q37:Q40,-1,T37:T40,-1,R37:R40,-1)} -> 1 | T43: {=_xlfn.SORTBY(T37:T40,Q37:Q40,-1,T37:T40,-1,R37:R40,-1)} -> 7 | V43: 1 | W43: {=_xlfn.SORTBY(W37:W40,X37:X40,-1,AA37:AA40,-1,Y37:Y40,-1)} -> Türkei | X43: {=_xlfn.SORTBY(X37:X40,X37:X40,-1,AA37:AA40,-1,Y37:Y40,-1)} -> 7 | Y43: {=_xlfn.SORTBY(Y37:Y40,X37:X40,-1,AA37:AA40,-1,Y37:Y40,-1)} -> 4 | Z43: {=_xlfn.SORTBY(Z37:Z40,X37:X40,-1,AA37:AA40,-1,Y37:Y40,-1)} -> 2 | AA43: {=_xlfn.SORTBY(AA37:AA40,X37:X40,-1,AA37:AA40,-1,Y37:Y40,-1)} -> 2 | AC43: 1 | AD43: {=_xlfn.SORTBY(AD37:AD40,AE37:AE40,-1,AH37:AH40,-1,AF37:AF40,-1)} -> Deutschland | AE43: {=_xlfn.SORTBY(AE37:AE40,AE37:AE40,-1,AH37:AH40,-1,AF37:AF40,-1)} -> 7 | AF43: {=_xlfn.SORTBY(AF37:AF40,AE37:AE40,-1,AH37:AH40,-1,AF37:AF40,-1)} -> 8 | AG43: {=_xlfn.SORTBY(AG37:AG40,AE37:AE40,-1,AH37:AH40,-1,AF37:AF40,-1)} -> 3 | AH43: {=_xlfn.SORTBY(AH37:AH40,AE37:AE40,-1,AH37:AH40,-1,AF37:AF40,-1)} -> 5 | AJ43: 1 | AK43: {=_xlfn.SORTBY(AK37:AK40,AL37:AL40,-1,AO37:AO40,-1,AM37:AM40,-1)} -> Niederlande | AL43: {=_xlfn.SORTBY(AL37:AL40,AL37:AL40,-1,AO37:AO40,-1,AM37:AM40,-1)} -> 9 | AM43: {=_xlfn.SORTBY(AM37:AM40,AL37:AL40,-1,AO37:AO40,-1,AM37:AM40,-1)} -> 8 | AN43: {=_xlfn.SORTBY(AN37:AN40,AL37:AL40,-1,AO37:AO40,-1,AM37:AM40,-1)} -> 1 | AO43: {=_xlfn.SORTBY(AO37:AO40,AL37:AL40,-1,AO37:AO40,-1,AM37:AM40,-1)} -> 7
A44: 2 | B44: Tschechien | C44: 7 | D44: 4 | E44: 1 | F44: 3 | H44: 2 | I44: Bosnien-Herz. | J44: 6 | K44: 5 | L44: 3 | M44: 2 | O44: 2 | P44: Schottland | Q44: 6 | R44: 3 | S44: 1 | T44: 2 | V44: 2 | W44: USA | X44: 4 | Y44: 4 | Z44: 4 | AA44: 0 | AC44: 2 | AD44: Ecuador | AE44: 4 | AF44: 4 | AG44: 4 | AH44: 0 | AJ44: 2 | AK44: Schweden | AL44: 4 | AM44: 5 | AN44: 4 | AO44: 1
A45: 3 | B45: Südkorea | C45: 3 | D45: 3 | E45: 3 | F45: 0 | H45: 3 | I45: Kanada | J45: 3 | K45: 3 | L45: 4 | M45: -1 | O45: 3 | P45: Marokko | Q45: 3 | R45: 5 | S45: 3 | T45: 2 | V45: 3 | W45: Australien | X45: 4 | Y45: 3 | Z45: 3 | AA45: 0 | AC45: 3 | AD45: Elfenbeinküste | AE45: 3 | AF45: 3 | AG45: 3 | AH45: 0 | AJ45: 3 | AK45: Japan | AL45: 4 | AM45: 3 | AN45: 4 | AO45: -1
A46: 4 | B46: Südafrika | C46: 0 | D46: 0 | E46: 8 | F46: -8 | H46: 4 | I46: Katar | J46: 0 | K46: 1 | L46: 7 | M46: -6 | O46: 4 | P46: Haiti | Q46: 0 | R46: 0 | S46: 11 | T46: -11 | V46: 4 | W46: Paraguay | X46: 1 | Y46: 3 | Z46: 5 | AA46: -2 | AC46: 4 | AD46: Curacao | AE46: 1 | AF46: 2 | AG46: 7 | AH46: -5 | AJ46: 4 | AK46: Tunesien | AL46: 0 | AM46: 0 | AN46: 7 | AO46: -7
A48: Gruppe G | H48: Gruppe H | O48: Gruppe I | V48: Gruppe J | AC48: Gruppe K | AJ48: Gruppe L
B50: Runde 1 | I50: Runde 1 | P50: Runde 1 | W50: Runde 1 | AD50: Runde 1 | AK50: Runde 1
B51: Belgien | C51: Ägypten | I51: Spanien | J51: Kap Verde | P51: Frankreich | Q51: Senegal | W51: Argentinien | X51: Algerien | AD51: Portugal | AE51: DR Kongo | AK51: England | AL51: Kroatien
B52: 3 | C52: 1 | I52: 6 | J52: 0 | P52: 2 | Q52: 1 | W52: 2 | X52: 1 | AD52: 3 | AE52: 1 | AK52: 1 | AL52: 1
B53: =IF(B52=C52,"Unentschieden",IF(B52>C52,B51,C51)) -> Belgien | I53: =IF(I52=J52,"Unentschieden",IF(I52>J52,I51,J51)) -> Spanien | P53: =IF(P52=Q52,"Unentschieden",IF(P52>Q52,P51,Q51)) -> Frankreich | W53: =IF(W52=X52,"Unentschieden",IF(W52>X52,W51,X51)) -> Argentinien | AD53: =IF(AD52=AE52,"Unentschieden",IF(AD52>AE52,AD51,AE51)) -> Portugal | AK53: =IF(AK52=AL52,"Unentschieden",IF(AK52>AL52,AK51,AL51)) -> Unentschieden
B54: =IF(B52=C52,1,IF(B52>C52,3,0)) -> 3 | C54: =IF(C52=B52,1,IF(C52>B52,3,0)) -> 0 | I54: =IF(I52=J52,1,IF(I52>J52,3,0)) -> 3 | J54: =IF(J52=I52,1,IF(J52>I52,3,0)) -> 0 | P54: =IF(P52=Q52,1,IF(P52>Q52,3,0)) -> 3 | Q54: =IF(Q52=P52,1,IF(Q52>P52,3,0)) -> 0 | W54: =IF(W52=X52,1,IF(W52>X52,3,0)) -> 3 | X54: =IF(X52=W52,1,IF(X52>W52,3,0)) -> 0 | AD54: =IF(AD52=AE52,1,IF(AD52>AE52,3,0)) -> 3 | AE54: =IF(AE52=AD52,1,IF(AE52>AD52,3,0)) -> 0 | AK54: =IF(AK52=AL52,1,IF(AK52>AL52,3,0)) -> 1 | AL54: =IF(AL52=AK52,1,IF(AL52>AK52,3,0)) -> 1
B56: Iran | C56: Neuseeland | I56: Saudi-Arabien | J56: Uruguay | P56: Irak | Q56: Norwegen | W56: Österreich | X56: Jordanien | AD56: Usbekistan | AE56: Kolumbien | AK56: Ghana | AL56: Panama
B57: 1 | C57: 0 | I57: 1 | J57: 3 | P57: 0 | Q57: 1 | W57: 3 | X57: 0 | AD57: 0 | AE57: 2 | AK57: 2 | AL57: 0
B58: =IF(B57=C57,"Unentschieden",IF(B57>C57,B56,C56)) -> Iran | I58: =IF(I57=J57,"Unentschieden",IF(I57>J57,I56,J56)) -> Uruguay | P58: =IF(P57=Q57,"Unentschieden",IF(P57>Q57,P56,Q56)) -> Norwegen | W58: =IF(W57=X57,"Unentschieden",IF(W57>X57,W56,X56)) -> Österreich | AD58: =IF(AD57=AE57,"Unentschieden",IF(AD57>AE57,AD56,AE56)) -> Kolumbien | AK58: =IF(AK57=AL57,"Unentschieden",IF(AK57>AL57,AK56,AL56)) -> Ghana
B59: =IF(B57=C57,1,IF(B57>C57,3,0)) -> 3 | C59: =IF(C57=B57,1,IF(C57>B57,3,0)) -> 0 | I59: =IF(I57=J57,1,IF(I57>J57,3,0)) -> 0 | J59: =IF(J57=I57,1,IF(J57>I57,3,0)) -> 3 | P59: =IF(P57=Q57,1,IF(P57>Q57,3,0)) -> 0 | Q59: =IF(Q57=P57,1,IF(Q57>P57,3,0)) -> 3 | W59: =IF(W57=X57,1,IF(W57>X57,3,0)) -> 3 | X59: =IF(X57=W57,1,IF(X57>W57,3,0)) -> 0 | AD59: =IF(AD57=AE57,1,IF(AD57>AE57,3,0)) -> 0 | AE59: =IF(AE57=AD57,1,IF(AE57>AD57,3,0)) -> 3 | AK59: =IF(AK57=AL57,1,IF(AK57>AL57,3,0)) -> 3 | AL59: =IF(AL57=AK57,1,IF(AL57>AK57,3,0)) -> 0
B61: Runde 2 | I61: Runde 2 | P61: Runde 2 | W61: Runde 2 | AD61: Runde 2 | AK61: Runde 2
B62: Belgien | C62: Iran | I62: Spanien | J62: Saudi-Arabien | P62: Frankreich | Q62: Irak | W62: Argentinien | X62: Österreich | AD62: Portugal | AE62: Usbekistan | AK62: England | AL62: Ghana
B63: 3 | C63: 0 | I63: 4 | J63: 0 | P63: 3 | Q63: 0 | W63: 1 | X63: 1 | AD63: 4 | AE63: 0 | AK63: 2 | AL63: 0
B64: =IF(B63=C63,"Unentschieden",IF(B63>C63,B62,C62)) -> Belgien | I64: =IF(I63=J63,"Unentschieden",IF(I63>J63,I62,J62)) -> Spanien | P64: =IF(P63=Q63,"Unentschieden",IF(P63>Q63,P62,Q62)) -> Frankreich | W64: =IF(W63=X63,"Unentschieden",IF(W63>X63,W62,X62)) -> Unentschieden | AD64: =IF(AD63=AE63,"Unentschieden",IF(AD63>AE63,AD62,AE62)) -> Portugal | AK64: =IF(AK63=AL63,"Unentschieden",IF(AK63>AL63,AK62,AL62)) -> England
B65: =IF(B63=C63,1,IF(B63>C63,3,0)) -> 3 | C65: =IF(C63=B63,1,IF(C63>B63,3,0)) -> 0 | I65: =IF(I63=J63,1,IF(I63>J63,3,0)) -> 3 | J65: =IF(J63=I63,1,IF(J63>I63,3,0)) -> 0 | P65: =IF(P63=Q63,1,IF(P63>Q63,3,0)) -> 3 | Q65: =IF(Q63=P63,1,IF(Q63>P63,3,0)) -> 0 | W65: =IF(W63=X63,1,IF(W63>X63,3,0)) -> 1 | X65: =IF(X63=W63,1,IF(X63>W63,3,0)) -> 1 | AD65: =IF(AD63=AE63,1,IF(AD63>AE63,3,0)) -> 3 | AE65: =IF(AE63=AD63,1,IF(AE63>AD63,3,0)) -> 0 | AK65: =IF(AK63=AL63,1,IF(AK63>AL63,3,0)) -> 3 | AL65: =IF(AL63=AK63,1,IF(AL63>AK63,3,0)) -> 0
B67: Neuseeland | C67: Ägypten | I67: Uruguay | J67: Kap Verde | P67: Norwegen | Q67: Senegal | W67: Jordanien | X67: Algerien | AD67: Kolumbien | AE67: DR Kongo | AK67: Panama | AL67: Kroatien
B68: 1 | C68: 1 | I68: 2 | J68: 0 | P68: 1 | Q68: 2 | W68: 1 | X68: 2 | AD68: 2 | AE68: 0 | AK68: 0 | AL68: 3
B69: =IF(B68=C68,"Unentschieden",IF(B68>C68,B67,C67)) -> Unentschieden | I69: =IF(I68=J68,"Unentschieden",IF(I68>J68,I67,J67)) -> Uruguay | P69: =IF(P68=Q68,"Unentschieden",IF(P68>Q68,P67,Q67)) -> Senegal | W69: =IF(W68=X68,"Unentschieden",IF(W68>X68,W67,X67)) -> Algerien | AD69: =IF(AD68=AE68,"Unentschieden",IF(AD68>AE68,AD67,AE67)) -> Kolumbien | AK69: =IF(AK68=AL68,"Unentschieden",IF(AK68>AL68,AK67,AL67)) -> Kroatien
B70: =IF(B68=C68,1,IF(B68>C68,3,0)) -> 1 | C70: =IF(C68=B68,1,IF(C68>B68,3,0)) -> 1 | I70: =IF(I68=J68,1,IF(I68>J68,3,0)) -> 3 | J70: =IF(J68=I68,1,IF(J68>I68,3,0)) -> 0 | P70: =IF(P68=Q68,1,IF(P68>Q68,3,0)) -> 0 | Q70: =IF(Q68=P68,1,IF(Q68>P68,3,0)) -> 3 | W70: =IF(W68=X68,1,IF(W68>X68,3,0)) -> 0 | X70: =IF(X68=W68,1,IF(X68>W68,3,0)) -> 3 | AD70: =IF(AD68=AE68,1,IF(AD68>AE68,3,0)) -> 3 | AE70: =IF(AE68=AD68,1,IF(AE68>AD68,3,0)) -> 0 | AK70: =IF(AK68=AL68,1,IF(AK68>AL68,3,0)) -> 0 | AL70: =IF(AL68=AK68,1,IF(AL68>AK68,3,0)) -> 3
B72: Runde 3 | I72: Runde 3 | P72: Runde 3 | W72: Runde 3 | AD72: Runde 3 | AK72: Runde 3
B73: Neuseeland | C73: Belgien | I73: Uruguay | J73: Spanien | P73: Norwegen | Q73: Frankreich | W73: Jordanien | X73: Argentinien | AD73: Kolumbien | AE73: Portugal | AK73: Panama | AL73: England
B74: 0 | C74: 4 | I74: 1 | J74: 3 | P74: 2 | Q74: 2 | W74: 0 | X74: 3 | AD74: 1 | AE74: 3 | AK74: 0 | AL74: 4
B75: =IF(B74=C74,"Unentschieden",IF(B74>C74,B73,C73)) -> Belgien | I75: =IF(I74=J74,"Unentschieden",IF(I74>J74,I73,J73)) -> Spanien | P75: =IF(P74=Q74,"Unentschieden",IF(P74>Q74,P73,Q73)) -> Unentschieden | W75: =IF(W74=X74,"Unentschieden",IF(W74>X74,W73,X73)) -> Argentinien | AD75: =IF(AD74=AE74,"Unentschieden",IF(AD74>AE74,AD73,AE73)) -> Portugal | AK75: =IF(AK74=AL74,"Unentschieden",IF(AK74>AL74,AK73,AL73)) -> England
B76: =IF(B74=C74,1,IF(B74>C74,3,0)) -> 0 | C76: =IF(C74=B74,1,IF(C74>B74,3,0)) -> 3 | I76: =IF(I74=J74,1,IF(I74>J74,3,0)) -> 0 | J76: =IF(J74=I74,1,IF(J74>I74,3,0)) -> 3 | P76: =IF(P74=Q74,1,IF(P74>Q74,3,0)) -> 1 | Q76: =IF(Q74=P74,1,IF(Q74>P74,3,0)) -> 1 | W76: =IF(W74=X74,1,IF(W74>X74,3,0)) -> 0 | X76: =IF(X74=W74,1,IF(X74>W74,3,0)) -> 3 | AD76: =IF(AD74=AE74,1,IF(AD74>AE74,3,0)) -> 0 | AE76: =IF(AE74=AD74,1,IF(AE74>AD74,3,0)) -> 3 | AK76: =IF(AK74=AL74,1,IF(AK74>AL74,3,0)) -> 0 | AL76: =IF(AL74=AK74,1,IF(AL74>AK74,3,0)) -> 3
B78: Ägypten | C78: Iran | I78: Kap Verde | J78: Saudi-Arabien | P78: Senegal | Q78: Irak | W78: Algerien | X78: Österreich | AD78: DR Kongo | AE78: Usbekistan | AK78: Kroatien | AL78: Ghana
B79: 2 | C79: 1 | I79: 1 | J79: 1 | P79: 2 | Q79: 0 | W79: 1 | X79: 2 | AD79: 1 | AE79: 0 | AK79: 1 | AL79: 0
B80: =IF(B79=C79,"Unentschieden",IF(B79>C79,B78,C78)) -> Ägypten | I80: =IF(I79=J79,"Unentschieden",IF(I79>J79,I78,J78)) -> Unentschieden | P80: =IF(P79=Q79,"Unentschieden",IF(P79>Q79,P78,Q78)) -> Senegal | W80: =IF(W79=X79,"Unentschieden",IF(W79>X79,W78,X78)) -> Österreich | AD80: =IF(AD79=AE79,"Unentschieden",IF(AD79>AE79,AD78,AE78)) -> DR Kongo | AK80: =IF(AK79=AL79,"Unentschieden",IF(AK79>AL79,AK78,AL78)) -> Kroatien
B81: =IF(B79=C79,1,IF(B79>C79,3,0)) -> 3 | C81: =IF(C79=B79,1,IF(C79>B79,3,0)) -> 0 | I81: =IF(I79=J79,1,IF(I79>J79,3,0)) -> 1 | J81: =IF(J79=I79,1,IF(J79>I79,3,0)) -> 1 | P81: =IF(P79=Q79,1,IF(P79>Q79,3,0)) -> 3 | Q81: =IF(Q79=P79,1,IF(Q79>P79,3,0)) -> 0 | W81: =IF(W79=X79,1,IF(W79>X79,3,0)) -> 0 | X81: =IF(X79=W79,1,IF(X79>W79,3,0)) -> 3 | AD81: =IF(AD79=AE79,1,IF(AD79>AE79,3,0)) -> 3 | AE81: =IF(AE79=AD79,1,IF(AE79>AD79,3,0)) -> 0 | AK81: =IF(AK79=AL79,1,IF(AK79>AL79,3,0)) -> 3 | AL81: =IF(AL79=AK79,1,IF(AL79>AK79,3,0)) -> 0
B83: Land | C83: Punkte | D83: T | E83: GT | F83: TD | I83: Land | J83: Punkte | K83: T | L83: GT | M83: TD | P83: Land | Q83: Punkte | R83: T | S83: GT | T83: TD | W83: Land | X83: Punkte | Y83: T | Z83: GT | AA83: TD | AD83: Land | AE83: Punkte | AF83: T | AG83: GT | AH83: TD | AK83: Land | AL83: Punkte | AM83: T | AN83: GT | AO83: TD
B84: Belgien | C84: =B54+B65+C76 -> 9 | D84: =B52+B63+C74 -> 10 | E84: =C52+C63+B74 -> 1 | F84: =D84-E84 -> 9 | I84: Spanien | J84: =I54+I65+J76 -> 9 | K84: =I52+I63+J74 -> 13 | L84: =J52+J63+I74 -> 1 | M84: =K84-L84 -> 12 | P84: Frankreich | Q84: =P54+P65+Q76 -> 7 | R84: =P52+P63+Q74 -> 7 | S84: =Q52+Q63+P74 -> 3 | T84: =R84-S84 -> 4 | W84: Argentinien | X84: =W54+W65+X76 -> 7 | Y84: =W52+W63+X74 -> 6 | Z84: =X52+X63+W74 -> 2 | AA84: =Y84-Z84 -> 4 | AD84: Portugal | AE84: =AD54+AD65+AE76 -> 9 | AF84: =AD52+AD63+AE74 -> 10 | AG84: =AE52+AE63+AD74 -> 2 | AH84: =AF84-AG84 -> 8 | AK84: England | AL84: =AK54+AK65+AL76 -> 7 | AM84: =AK52+AK63+AL74 -> 7 | AN84: =AL52+AL63+AK74 -> 1 | AO84: =AM84-AN84 -> 6
B85: Ägypten | C85: =C54+C70+B81 -> 4 | D85: =C52+C68+B79 -> 4 | E85: =B52+B68+C79 -> 5 | F85: =D85-E85 -> -1 | I85: Kap Verde | J85: =J54+J70+I81 -> 1 | K85: =J52+J68+I79 -> 1 | L85: =I52+I68+J79 -> 9 | M85: =K85-L85 -> -8 | P85: Senegal | Q85: =Q54+Q70+P81 -> 6 | R85: =Q52+Q68+P79 -> 5 | S85: =P52+P68+Q79 -> 3 | T85: =R85-S85 -> 2 | W85: Algerien | X85: =X54+X70+W81 -> 3 | Y85: =X52+X68+W79 -> 4 | Z85: =W52+W68+X79 -> 5 | AA85: =Y85-Z85 -> -1 | AD85: DR Kongo | AE85: =AE54+AE70+AD81 -> 3 | AF85: =AE52+AE68+AD79 -> 2 | AG85: =AD52+AD68+AE79 -> 5 | AH85: =AF85-AG85 -> -3 | AK85: Kroatien | AL85: =AL54+AL70+AK81 -> 7 | AM85: =AL52+AL68+AK79 -> 5 | AN85: =AK52+AK68+AL79 -> 1 | AO85: =AM85-AN85 -> 4
B86: Iran | C86: =B59+C65+C81 -> 3 | D86: =B57+C63+C79 -> 2 | E86: =C57+B63+B79 -> 5 | F86: =D86-E86 -> -3 | I86: Saudi-Arabien | J86: =I59+J65+J81 -> 1 | K86: =I57+J63+J79 -> 2 | L86: =J57+I63+I79 -> 8 | M86: =K86-L86 -> -6 | P86: Irak | Q86: =P59+Q65+Q81 -> 0 | R86: =P57+Q63+Q79 -> 0 | S86: =Q57+P63+P79 -> 6 | T86: =R86-S86 -> -6 | W86: Österreich | X86: =W59+X65+X81 -> 7 | Y86: =W57+X63+X79 -> 6 | Z86: =X57+W63+W79 -> 2 | AA86: =Y86-Z86 -> 4 | AD86: Usbekistan | AE86: =AD59+AE65+AE81 -> 0 | AF86: =AD57+AE63+AE79 -> 0 | AG86: =AE57+AD63+AD79 -> 7 | AH86: =AF86-AG86 -> -7 | AK86: Ghana | AL86: =AK59+AL65+AL81 -> 3 | AM86: =AK57+AL63+AL79 -> 2 | AN86: =AL57+AK63+AK79 -> 3 | AO86: =AM86-AN86 -> -1
B87: Neuseeland | C87: =C59+B70+B76 -> 1 | D87: =C57+B68+B74 -> 1 | E87: =B57+C68+C74 -> 6 | F87: =D87-E87 -> -5 | I87: Uruguay | J87: =J59+I70+I76 -> 6 | K87: =J57+I68+I74 -> 6 | L87: =I57+J68+J74 -> 4 | M87: =K87-L87 -> 2 | P87: Norwegen | Q87: =Q59+P70+P76 -> 4 | R87: =Q57+P68+P74 -> 4 | S87: =P57+Q68+Q74 -> 4 | T87: =R87-S87 -> 0 | W87: Jordanien | X87: =X59+W70+W76 -> 0 | Y87: =X57+W68+W74 -> 1 | Z87: =W57+X68+X74 -> 8 | AA87: =Y87-Z87 -> -7 | AD87: Kolumbien | AE87: =AE59+AD70+AD76 -> 6 | AF87: =AE57+AD68+AD74 -> 5 | AG87: =AD57+AE68+AE74 -> 3 | AH87: =AF87-AG87 -> 2 | AK87: Panama | AL87: =AL59+AK70+AK76 -> 0 | AM87: =AL57+AK68+AK74 -> 0 | AN87: =AK57+AL68+AL74 -> 9 | AO87: =AM87-AN87 -> -9
B89: Rangliste: | I89: Rangliste: | P89: Rangliste: | W89: Rangliste: | AD89: Rangliste: | AK89: Rangliste:
A90: 1 | B90: {=_xlfn.SORTBY(B84:B87,C84:C87,-1,F84:F87,-1,D84:D87,-1)} -> Belgien | C90: {=_xlfn.SORTBY(C84:C87,C84:C87,-1,F84:F87,-1,D84:D87,-1)} -> 9 | D90: {=_xlfn.SORTBY(D84:D87,C84:C87,-1,F84:F87,-1,D84:D87,-1)} -> 10 | E90: {=_xlfn.SORTBY(E84:E87,C84:C87,-1,F84:F87,-1,D84:D87,-1)} -> 1 | F90: {=_xlfn.SORTBY(F84:F87,C84:C87,-1,F84:F87,-1,D84:D87,-1)} -> 9 | H90: 1 | I90: {=_xlfn.SORTBY(I84:I87,J84:J87,-1,M84:M87,-1,K84:K87,-1)} -> Spanien | J90: {=_xlfn.SORTBY(J84:J87,J84:J87,-1,M84:M87,-1,K84:K87,-1)} -> 9 | K90: {=_xlfn.SORTBY(K84:K87,J84:J87,-1,M84:M87,-1,K84:K87,-1)} -> 13 | L90: {=_xlfn.SORTBY(L84:L87,J84:J87,-1,M84:M87,-1,K84:K87,-1)} -> 1 | M90: {=_xlfn.SORTBY(M84:M87,J84:J87,-1,M84:M87,-1,K84:K87,-1)} -> 12 | O90: 1 | P90: {=_xlfn.SORTBY(P84:P87,Q84:Q87,-1,T84:T87,-1,R84:R87,-1)} -> Frankreich | Q90: {=_xlfn.SORTBY(Q84:Q87,Q84:Q87,-1,T84:T87,-1,R84:R87,-1)} -> 7 | R90: {=_xlfn.SORTBY(R84:R87,Q84:Q87,-1,T84:T87,-1,R84:R87,-1)} -> 7 | S90: {=_xlfn.SORTBY(S84:S87,Q84:Q87,-1,T84:T87,-1,R84:R87,-1)} -> 3 | T90: {=_xlfn.SORTBY(T84:T87,Q84:Q87,-1,T84:T87,-1,R84:R87,-1)} -> 4 | V90: 1 | W90: {=_xlfn.SORTBY(W84:W87,X84:X87,-1,AA84:AA87,-1,Y84:Y87,-1)} -> Argentinien | X90: {=_xlfn.SORTBY(X84:X87,X84:X87,-1,AA84:AA87,-1,Y84:Y87,-1)} -> 7 | Y90: {=_xlfn.SORTBY(Y84:Y87,X84:X87,-1,AA84:AA87,-1,Y84:Y87,-1)} -> 6 | Z90: {=_xlfn.SORTBY(Z84:Z87,X84:X87,-1,AA84:AA87,-1,Y84:Y87,-1)} -> 2 | AA90: {=_xlfn.SORTBY(AA84:AA87,X84:X87,-1,AA84:AA87,-1,Y84:Y87,-1)} -> 4 | AC90: 1 | AD90: {=_xlfn.SORTBY(AD84:AD87,AE84:AE87,-1,AH84:AH87,-1,AF84:AF87,-1)} -> Portugal | AE90: {=_xlfn.SORTBY(AE84:AE87,AE84:AE87,-1,AH84:AH87,-1,AF84:AF87,-1)} -> 9 | AF90: {=_xlfn.SORTBY(AF84:AF87,AE84:AE87,-1,AH84:AH87,-1,AF84:AF87,-1)} -> 10 | AG90: {=_xlfn.SORTBY(AG84:AG87,AE84:AE87,-1,AH84:AH87,-1,AF84:AF87,-1)} -> 2 | AH90: {=_xlfn.SORTBY(AH84:AH87,AE84:AE87,-1,AH84:AH87,-1,AF84:AF87,-1)} -> 8 | AJ90: 1 | AK90: {=_xlfn.SORTBY(AK84:AK87,AL84:AL87,-1,AO84:AO87,-1,AM84:AM87,-1)} -> England | AL90: {=_xlfn.SORTBY(AL84:AL87,AL84:AL87,-1,AO84:AO87,-1,AM84:AM87,-1)} -> 7 | AM90: {=_xlfn.SORTBY(AM84:AM87,AL84:AL87,-1,AO84:AO87,-1,AM84:AM87,-1)} -> 7 | AN90: {=_xlfn.SORTBY(AN84:AN87,AL84:AL87,-1,AO84:AO87,-1,AM84:AM87,-1)} -> 1 | AO90: {=_xlfn.SORTBY(AO84:AO87,AL84:AL87,-1,AO84:AO87,-1,AM84:AM87,-1)} -> 6
A91: 2 | B91: Ägypten | C91: 4 | D91: 4 | E91: 5 | F91: -1 | H91: 2 | I91: Uruguay | J91: 6 | K91: 6 | L91: 4 | M91: 2 | O91: 2 | P91: Senegal | Q91: 6 | R91: 5 | S91: 3 | T91: 2 | V91: 2 | W91: Österreich | X91: 7 | Y91: 6 | Z91: 2 | AA91: 4 | AC91: 2 | AD91: Kolumbien | AE91: 6 | AF91: 5 | AG91: 3 | AH91: 2 | AJ91: 2 | AK91: Kroatien | AL91: 7 | AM91: 5 | AN91: 1 | AO91: 4
A92: 3 | B92: Iran | C92: 3 | D92: 2 | E92: 5 | F92: -3 | H92: 3 | I92: Saudi-Arabien | J92: 1 | K92: 2 | L92: 8 | M92: -6 | O92: 3 | P92: Norwegen | Q92: 4 | R92: 4 | S92: 4 | T92: 0 | V92: 3 | W92: Algerien | X92: 3 | Y92: 4 | Z92: 5 | AA92: -1 | AC92: 3 | AD92: DR Kongo | AE92: 3 | AF92: 2 | AG92: 5 | AH92: -3 | AJ92: 3 | AK92: Ghana | AL92: 3 | AM92: 2 | AN92: 3 | AO92: -1
A93: 4 | B93: Neuseeland | C93: 1 | D93: 1 | E93: 6 | F93: -5 | H93: 4 | I93: Kap Verde | J93: 1 | K93: 1 | L93: 9 | M93: -8 | O93: 4 | P93: Irak | Q93: 0 | R93: 0 | S93: 6 | T93: -6 | V93: 4 | W93: Jordanien | X93: 0 | Y93: 1 | Z93: 8 | AA93: -7 | AC93: 4 | AD93: Usbekistan | AE93: 0 | AF93: 0 | AG93: 7 | AH93: -7 | AJ93: 4 | AK93: Panama | AL93: 0 | AM93: 0 | AN93: 9 | AO93: -9
U95: Drittplatzierte
R97: Land | U97: Punkte | V97: Tore | W97: Gegentore | X97: Tordifferenz
R98: =B92 -> Iran | U98: =C92 -> 3 | V98: =D92 -> 2 | W98: =E92 -> 5 | X98: =F92 -> -3
R99: =I92 -> Saudi-Arabien | U99: =J92 -> 1 | V99: =K92 -> 2 | W99: =L92 -> 8 | X99: =M92 -> -6
R100: =P92 -> Norwegen | U100: =Q92 -> 4 | V100: =R92 -> 4 | W100: =S92 -> 4 | X100: =T92 -> 0
R101: =W92 -> Algerien | U101: =X92 -> 3 | V101: =Y92 -> 4 | W101: =Z92 -> 5 | X101: =AA92 -> -1
R102: =AD92 -> DR Kongo | U102: =AE92 -> 3 | V102: =AF92 -> 2 | W102: =AG92 -> 5 | X102: =AH92 -> -3
R103: =AK92 -> Ghana | U103: =AL92 -> 3 | V103: =AM92 -> 2 | W103: =AN92 -> 3 | X103: =AO92 -> -1
R104: =B45 -> Südkorea | U104: =C45 -> 3 | V104: =D45 -> 3 | W104: =E45 -> 3 | X104: =F45 -> 0
R105: =I45 -> Kanada | U105: =J45 -> 3 | V105: =K45 -> 3 | W105: =L45 -> 4 | X105: =M45 -> -1
R106: =P45 -> Marokko | U106: =Q45 -> 3 | V106: =R45 -> 5 | W106: =S45 -> 3 | X106: =T45 -> 2
R107: =W45 -> Australien | U107: =X45 -> 4 | V107: =Y45 -> 3 | W107: =Z45 -> 3 | X107: =AA45 -> 0
R108: =AD45 -> Elfenbeinküste | U108: =AE45 -> 3 | V108: =AF45 -> 3 | W108: =AG45 -> 3 | X108: =AH45 -> 0
R109: =AK45 -> Japan | U109: =AL45 -> 4 | V109: =AM45 -> 3 | W109: =AN45 -> 4 | X109: =AO45 -> -1
Q112: 1 | R112: {=_xlfn.SORTBY(R98:R109,U98:U109,-1,X98:X109,-1,V98:V109,-1)} -> Norwegen | U112: {=_xlfn.SORTBY(U98:U109,U98:U109,-1,X98:X109,-1,V98:V109,-1)} -> 4 | V112: {=_xlfn.SORTBY(V98:V109,U98:U109,-1,X98:X109,-1,V98:V109,-1)} -> 4 | W112: {=_xlfn.SORTBY(W98:W109,U98:U109,-1,X98:X109,-1,V98:V109,-1)} -> 4 | X112: {=_xlfn.SORTBY(X98:X109,U98:U109,-1,X98:X109,-1,V98:V109,-1)} -> 0
Q113: 2 | R113: Australien | U113: 4 | V113: 3 | W113: 3 | X113: 0
Q114: 3 | R114: Japan | U114: 4 | V114: 3 | W114: 4 | X114: -1
Q115: 4 | R115: Marokko | U115: 3 | V115: 5 | W115: 3 | X115: 2
Q116: 5 | R116: Südkorea | U116: 3 | V116: 3 | W116: 3 | X116: 0
Q117: 6 | R117: Elfenbeinküste | U117: 3 | V117: 3 | W117: 3 | X117: 0
Q118: 7 | R118: Algerien | U118: 3 | V118: 4 | W118: 5 | X118: -1
Q119: 8 | R119: Kanada | U119: 3 | V119: 3 | W119: 4 | X119: -1
Q120: 9 | R120: Ghana | U120: 3 | V120: 2 | W120: 3 | X120: -1
Q121: 10 | R121: Iran | U121: 3 | V121: 2 | W121: 5 | X121: -3
...

Sheet Nick
B1: Gruppe A | H1: Gruppe B | O1: Gruppe C | V1: Gruppe D | AC1: Gruppe E | AJ1: Gruppe F
B3: Runde 1 | I3: Runde 1 | P3: Runde 1 | W3: Runde 1 | AD3: Runde 1 | AK3: Runde 1
B4: Mexiko | C4: Südafrika | I4: Kanada | J4: Bosnien-Herz. | P4: Brasilien | Q4: Marokko | W4: USA | X4: Paraguay | AD4: Deutschland | AE4: Curacao | AK4: Niederlande | AL4: Japan
B5: 2 | C5: 0 | I5: 1 | J5: 3 | P5: 2 | Q5: 0 | W5: 0 | X5: 2 | AD5: 4 | AE5: 0 | AK5: 1 | AL5: 2
B6: =IF(B5=C5,"Unentschieden",IF(B5>C5,B4,C4)) -> Mexiko | I6: =IF(I5=J5,"Unentschieden",IF(I5>J5,I4,J4)) -> Bosnien-Herz. | P6: =IF(P5=Q5,"Unentschieden",IF(P5>Q5,P4,Q4)) -> Brasilien | W6: =IF(W5=X5,"Unentschieden",IF(W5>X5,W4,X4)) -> Paraguay | AD6: =IF(AD5=AE5,"Unentschieden",IF(AD5>AE5,AD4,AE4)) -> Deutschland | AK6: =IF(AK5=AL5,"Unentschieden",IF(AK5>AL5,AK4,AL4)) -> Japan
B7: =IF(B5=C5,1,IF(B5>C5,3,0)) -> 3 | C7: =IF(C5=B5,1,IF(C5>B5,3,0)) -> 0 | I7: =IF(I5=J5,1,IF(I5>J5,3,0)) -> 0 | J7: =IF(J5=I5,1,IF(J5>I5,3,0)) -> 3 | P7: =IF(P5=Q5,1,IF(P5>Q5,3,0)) -> 3 | Q7: =IF(Q5=P5,1,IF(Q5>P5,3,0)) -> 0 | W7: =IF(W5=X5,1,IF(W5>X5,3,0)) -> 0 | X7: =IF(X5=W5,1,IF(X5>W5,3,0)) -> 3 | AD7: =IF(AD5=AE5,1,IF(AD5>AE5,3,0)) -> 3 | AE7: =IF(AE5=AD5,1,IF(AE5>AD5,3,0)) -> 0 | AK7: =IF(AK5=AL5,1,IF(AK5>AL5,3,0)) -> 0 | AL7: =IF(AL5=AK5,1,IF(AL5>AK5,3,0)) -> 3
B9: Südkorea | C9: Tschechien | I9: Katar | J9: Schweiz | P9: Haiti | Q9: Schottland | W9: Australien | X9: Türkei | AD9: Elfenbeinküste | AE9: Ecuador | AK9: Schweden | AL9: Tunesien
B10: 2 | C10: 1 | I10: 0 | J10: 3 | P10: 0 | Q10: 1 | W10: 1 | X10: 3 | AD10: 3 | AE10: 2 | AK10: 0 | AL10: 2
B11: =IF(B10=C10,"Unentschieden",IF(B10>C10,B9,C9)) -> Südkorea | I11: =IF(I10=J10,"Unentschieden",IF(I10>J10,I9,J9)) -> Schweiz | P11: =IF(P10=Q10,"Unentschieden",IF(P10>Q10,P9,Q9)) -> Schottland | W11: =IF(W10=X10,"Unentschieden",IF(W10>X10,W9,X9)) -> Türkei | AD11: =IF(AD10=AE10,"Unentschieden",IF(AD10>AE10,AD9,AE9)) -> Elfenbeinküste | AK11: =IF(AK10=AL10,"Unentschieden",IF(AK10>AL10,AK9,AL9)) -> Tunesien
B12: =IF(B10=C10,1,IF(B10>C10,3,0)) -> 3 | C12: =IF(C10=B10,1,IF(C10>B10,3,0)) -> 0 | I12: =IF(I10=J10,1,IF(I10>J10,3,0)) -> 0 | J12: =IF(J10=I10,1,IF(J10>I10,3,0)) -> 3 | P12: =IF(P10=Q10,1,IF(P10>Q10,3,0)) -> 0 | Q12: =IF(Q10=P10,1,IF(Q10>P10,3,0)) -> 3 | W12: =IF(W10=X10,1,IF(W10>X10,3,0)) -> 0 | X12: =IF(X10=W10,1,IF(X10>W10,3,0)) -> 3 | AD12: =IF(AD10=AE10,1,IF(AD10>AE10,3,0)) -> 3 | AE12: =IF(AE10=AD10,1,IF(AE10>AD10,3,0)) -> 0 | AK12: =IF(AK10=AL10,1,IF(AK10>AL10,3,0)) -> 0 | AL12: =IF(AL10=AK10,1,IF(AL10>AK10,3,0)) -> 3
B14: Runde 2 | I14: Runde 2 | P14: Runde 2 | W14: Runde 2 | AD14: Runde 2 | AK14: Runde 2
B15: Tschechien | C15: Südafrika | I15: Schweiz | J15: Bosnien-Herz. | P15: Schottland | Q15: Marokko | W15: Türkei | X15: Paraguay | AD15: Ecuador | AE15: Curacao | AK15: Tunesien | AL15: Japan
B16: 1 | C16: 1 | I16: 2 | J16: 2 | P16: 1 | Q16: 3 | W16: 2 | X16: 2 | AD16: 4 | AE16: 1 | AK16: 1 | AL16: 3
B17: =IF(B16=C16,"Unentschieden",IF(B16>C16,B15,C15)) -> Unentschieden | I17: =IF(I16=J16,"Unentschieden",IF(I16>J16,I15,J15)) -> Unentschieden | P17: =IF(P16=Q16,"Unentschieden",IF(P16>Q16,P15,Q15)) -> Marokko | W17: =IF(W16=X16,"Unentschieden",IF(W16>X16,W15,X15)) -> Unentschieden | AD17: =IF(AD16=AE16,"Unentschieden",IF(AD16>AE16,AD15,AE15)) -> Ecuador | AK17: =IF(AK16=AL16,"Unentschieden",IF(AK16>AL16,AK15,AL15)) -> Japan
B18: =IF(B16=C16,1,IF(B16>C16,3,0)) -> 1 | C18: =IF(C16=B16,1,IF(C16>B16,3,0)) -> 1 | I18: =IF(I16=J16,1,IF(I16>J16,3,0)) -> 1 | J18: =IF(J16=I16,1,IF(J16>I16,3,0)) -> 1 | P18: =IF(P16=Q16,1,IF(P16>Q16,3,0)) -> 0 | Q18: =IF(Q16=P16,1,IF(Q16>P16,3,0)) -> 3 | W18: =IF(W16=X16,1,IF(W16>X16,3,0)) -> 1 | X18: =IF(X16=W16,1,IF(X16>W16,3,0)) -> 1 | AD18: =IF(AD16=AE16,1,IF(AD16>AE16,3,0)) -> 3 | AE18: =IF(AE16=AD16,1,IF(AE16>AD16,3,0)) -> 0 | AK18: =IF(AK16=AL16,1,IF(AK16>AL16,3,0)) -> 0 | AL18: =IF(AL16=AK16,1,IF(AL16>AK16,3,0)) -> 3
B20: Mexiko | C20: Südkorea | I20: Kanada | J20: Katar | P20: Brasilien | Q20: Haiti | W20: USA | X20: Australien | AD20: Deutschland | AE20: Elfenbeinküste | AK20: Niederlande | AL20: Schweden
B21: 2 | C21: 2 | I21: 2 | J21: 1 | P21: 4 | Q21: 0 | W21: 0 | X21: 0 | AD21: 1 | AE21: 3 | AK21: 3 | AL21: 0
B22: =IF(B21=C21,"Unentschieden",IF(B21>C21,B20,C20)) -> Unentschieden | I22: =IF(I21=J21,"Unentschieden",IF(I21>J21,I20,J20)) -> Kanada | P22: =IF(P21=Q21,"Unentschieden",IF(P21>Q21,P20,Q20)) -> Brasilien | W22: =IF(W21=X21,"Unentschieden",IF(W21>X21,W20,X20)) -> Unentschieden | AD22: =IF(AD21=AE21,"Unentschieden",IF(AD21>AE21,AD20,AE20)) -> Elfenbeinküste | AK22: =IF(AK21=AL21,"Unentschieden",IF(AK21>AL21,AK20,AL20)) -> Niederlande
B23: =IF(B21=C21,1,IF(B21>C21,3,0)) -> 1 | C23: =IF(C21=B21,1,IF(C21>B21,3,0)) -> 1 | I23: =IF(I21=J21,1,IF(I21>J21,3,0)) -> 3 | J23: =IF(J21=I21,1,IF(J21>I21,3,0)) -> 0 | P23: =IF(P21=Q21,1,IF(P21>Q21,3,0)) -> 3 | Q23: =IF(Q21=P21,1,IF(Q21>P21,3,0)) -> 0 | W23: =IF(W21=X21,1,IF(W21>X21,3,0)) -> 1 | X23: =IF(X21=W21,1,IF(X21>W21,3,0)) -> 1 | AD23: =IF(AD21=AE21,1,IF(AD21>AE21,3,0)) -> 0 | AE23: =IF(AE21=AD21,1,IF(AE21>AD21,3,0)) -> 3 | AK23: =IF(AK21=AL21,1,IF(AK21>AL21,3,0)) -> 3 | AL23: =IF(AL21=AK21,1,IF(AL21>AK21,3,0)) -> 0
B25: Runde 3 | I25: Runde 3 | P25: Runde 3 | W25: Runde 3 | AD25: Runde 3 | AK25: Runde 3
B26: Südafrika | C26: Südkorea | I26: Bosnien-Herz. | J26: Katar | P26: Marokko | Q26: Haiti | W26: Paraguay | X26: Australien | AD26: Curacao | AE26: Elfenbeinküste | AK26: Japan | AL26: Schweden
B27: 0 | C27: 3 | I27: 3 | J27: 0 | P27: 2 | Q27: 0 | W27: 2 | X27: 1 | AD27: 0 | AE27: 4 | AK27: 3 | AL27: 1
B28: =IF(B27=C27,"Unentschieden",IF(B27>C27,B26,C26)) -> Südkorea | I28: =IF(I27=J27,"Unentschieden",IF(I27>J27,I26,J26)) -> Bosnien-Herz. | P28: =IF(P27=Q27,"Unentschieden",IF(P27>Q27,P26,Q26)) -> Marokko | W28: =IF(W27=X27,"Unentschieden",IF(W27>X27,W26,X26)) -> Paraguay | AD28: =IF(AD27=AE27,"Unentschieden",IF(AD27>AE27,AD26,AE26)) -> Elfenbeinküste | AK28: =IF(AK27=AL27,"Unentschieden",IF(AK27>AL27,AK26,AL26)) -> Japan
B29: =IF(B27=C27,1,IF(B27>C27,3,0)) -> 0 | C29: =IF(C27=B27,1,IF(C27>B27,3,0)) -> 3 | I29: =IF(I27=J27,1,IF(I27>J27,3,0)) -> 3 | J29: =IF(J27=I27,1,IF(J27>I27,3,0)) -> 0 | P29: =IF(P27=Q27,1,IF(P27>Q27,3,0)) -> 3 | Q29: =IF(Q27=P27,1,IF(Q27>P27,3,0)) -> 0 | W29: =IF(W27=X27,1,IF(W27>X27,3,0)) -> 3 | X29: =IF(X27=W27,1,IF(X27>W27,3,0)) -> 0 | AD29: =IF(AD27=AE27,1,IF(AD27>AE27,3,0)) -> 0 | AE29: =IF(AE27=AD27,1,IF(AE27>AD27,3,0)) -> 3 | AK29: =IF(AK27=AL27,1,IF(AK27>AL27,3,0)) -> 3 | AL29: =IF(AL27=AK27,1,IF(AL27>AK27,3,0)) -> 0
B31: Tschechien | C31: Mexiko | I31: Schweiz | J31: Kanada | P31: Schottland | Q31: Brasilien | W31: Türkei | X31: USA | AD31: Ecuador | AE31: Deutschland | AK31: Tunesien | AL31: Niederlande
B32: 1 | C32: 2 | I32: 2 | J32: 1 | P32: 1 | Q32: 3 | W32: 3 | X32: 0 | AD32: 0 | AE32: 2 | AK32: 1 | AL32: 2
B33: =IF(B32=C32,"Unentschieden",IF(B32>C32,B31,C31)) -> Mexiko | I33: =IF(I32=J32,"Unentschieden",IF(I32>J32,I31,J31)) -> Schweiz | P33: =IF(P32=Q32,"Unentschieden",IF(P32>Q32,P31,Q31)) -> Brasilien | W33: =IF(W32=X32,"Unentschieden",IF(W32>X32,W31,X31)) -> Türkei | AD33: =IF(AD32=AE32,"Unentschieden",IF(AD32>AE32,AD31,AE31)) -> Deutschland | AK33: =IF(AK32=AL32,"Unentschieden",IF(AK32>AL32,AK31,AL31)) -> Niederlande
B34: =IF(B32=C32,1,IF(B32>C32,3,0)) -> 0 | C34: =IF(C32=B32,1,IF(C32>B32,3,0)) -> 3 | I34: =IF(I32=J32,1,IF(I32>J32,3,0)) -> 3 | J34: =IF(J32=I32,1,IF(J32>I32,3,0)) -> 0 | P34: =IF(P32=Q32,1,IF(P32>Q32,3,0)) -> 0 | Q34: =IF(Q32=P32,1,IF(Q32>P32,3,0)) -> 3 | W34: =IF(W32=X32,1,IF(W32>X32,3,0)) -> 3 | X34: =IF(X32=W32,1,IF(X32>W32,3,0)) -> 0 | AD34: =IF(AD32=AE32,1,IF(AD32>AE32,3,0)) -> 0 | AE34: =IF(AE32=AD32,1,IF(AE32>AD32,3,0)) -> 3 | AK34: =IF(AK32=AL32,1,IF(AK32>AL32,3,0)) -> 0 | AL34: =IF(AL32=AK32,1,IF(AL32>AK32,3,0)) -> 3
B36: Land | C36: Punkte | D36: T | E36: GT | F36: TD | I36: Land | J36: Punkte | K36: T | L36: GT | M36: TD | P36: Land | Q36: Punkte | R36: T | S36: GT | T36: TD | W36: Land | X36: Punkte | Y36: T | Z36: GT | AA36: TD | AD36: Land | AE36: Punkte | AF36: T | AG36: GT | AH36: TD | AK36: Land | AL36: Punkte | AM36: T | AN36: GT | AO36: TD
B37: Mexiko | C37: =B7+B23+C34 -> 7 | D37: =B5+B21+C32 -> 6 | E37: =C5+C21+B32 -> 3 | F37: =D37-E37 -> 3 | I37: Kanada | J37: =I7+I23+J34 -> 3 | K37: =I5+I21+J32 -> 4 | L37: =J5+J21+I32 -> 6 | M37: =K37-L37 -> -2 | P37: Brasilien | Q37: =P7+P23+Q34 -> 9 | R37: =P5+P21+Q32 -> 9 | S37: =Q5+Q21+P32 -> 1 | T37: =R37-S37 -> 8 | W37: USA | X37: =W7+W23+X34 -> 1 | Y37: =W5+W21+X32 -> 0 | Z37: =X5+X21+W32 -> 5 | AA37: =Y37-Z37 -> -5 | AD37: Deutschland | AE37: =AD7+AD23+AE34 -> 6 | AF37: =AD5+AD21+AE32 -> 7 | AG37: =AE5+AE21+AD32 -> 3 | AH37: =AF37-AG37 -> 4 | AK37: Niederlande | AL37: =AK7+AK23+AL34 -> 6 | AM37: =AK5+AK21+AL32 -> 6 | AN37: =AL5+AL21+AK32 -> 3 | AO37: =AM37-AN37 -> 3
B38: Südafrika | C38: =C7+C18+B29 -> 1 | D38: =C5+C16+B27 -> 1 | E38: =B5+B16+C27 -> 6 | F38: =D38-E38 -> -5 | I38: Bosnien-Herz. | J38: =J7+J18+I29 -> 7 | K38: =J5+J16+I27 -> 8 | L38: =I5+I16+J27 -> 3 | M38: =K38-L38 -> 5 | P38: Marokko | Q38: =Q7+Q18+P29 -> 6 | R38: =Q5+Q16+P27 -> 5 | S38: =P5+P16+Q27 -> 3 | T38: =R38-S38 -> 2 | W38: Paraguay | X38: =X7+X18+W29 -> 7 | Y38: =X5+X16+W27 -> 6 | Z38: =W5+W16+X27 -> 3 | AA38: =Y38-Z38 -> 3 | AD38: Curacao | AE38: =AE7+AE18+AD29 -> 0 | AF38: =AE5+AE16+AD27 -> 1 | AG38: =AD5+AD16+AE27 -> 12 | AH38: =AF38-AG38 -> -11 | AK38: Japan | AL38: =AL7+AL18+AK29 -> 9 | AM38: =AL5+AL16+AK27 -> 8 | AN38: =AK5+AK16+AL27 -> 3 | AO38: =AM38-AN38 -> 5
B39: Südkorea | C39: =B12+C23+C29 -> 7 | D39: =B10+C21+C27 -> 7 | E39: =C10+B21+B27 -> 3 | F39: =D39-E39 -> 4 | I39: Katar | J39: =I12+J23+J29 -> 0 | K39: =I10+J21+J27 -> 1 | L39: =J10+I21+I27 -> 8 | M39: =K39-L39 -> -7 | P39: Haiti | Q39: =P12+Q23+Q29 -> 0 | R39: =P10+Q21+Q27 -> 0 | S39: =Q10+P21+P27 -> 7 | T39: =R39-S39 -> -7 | W39: Australien | X39: =W12+X23+X29 -> 1 | Y39: =W10+X21+X27 -> 2 | Z39: =X10+W21+W27 -> 5 | AA39: =Y39-Z39 -> -3 | AD39: Elfenbeinküste | AE39: =AD12+AE23+AE29 -> 9 | AF39: =AD10+AE21+AE27 -> 10 | AG39: =AE10+AD21+AD27 -> 3 | AH39: =AF39-AG39 -> 7 | AK39: Schweden | AL39: =AK12+AL23+AL29 -> 0 | AM39: =AK10+AL21+AL27 -> 1 | AN39: =AL10+AK21+AK27 -> 8 | AO39: =AM39-AN39 -> -7
B40: Tschechien | C40: =C12+B18+B34 -> 1 | D40: =C10+B16+B32 -> 3 | E40: =B10+C16+C32 -> 5 | F40: =D40-E40 -> -2 | I40: Schweiz | J40: =J12+I18+I34 -> 7 | K40: =J10+I16+I32 -> 7 | L40: =I10+J16+J32 -> 3 | M40: =K40-L40 -> 4 | P40: Schottland | Q40: =Q12+P18+P34 -> 3 | R40: =Q10+P16+P32 -> 3 | S40: =P10+Q16+Q32 -> 6 | T40: =R40-S40 -> -3 | W40: Türkei | X40: =X12+W18+W34 -> 7 | Y40: =X10+W16+W32 -> 8 | Z40: =W10+X16+X32 -> 3 | AA40: =Y40-Z40 -> 5 | AD40: Ecuador | AE40: =AE12+AD18+AD34 -> 3 | AF40: =AE10+AD16+AD32 -> 6 | AG40: =AD10+AE16+AE32 -> 6 | AH40: =AF40-AG40 -> 0 | AK40: Tunesien | AL40: =AL12+AK18+AK34 -> 3 | AM40: =AL10+AK16+AK32 -> 4 | AN40: =AK10+AL16+AL32 -> 5 | AO40: =AM40-AN40 -> -1
B42: Rangliste: | I42: Rangliste: | P42: Rangliste: | W42: Rangliste: | AD42: Rangliste: | AK42: Rangliste:
A43: 1 | B43: {=_xlfn.SORTBY(B37:B40,C37:C40,-1,F37:F40,-1,D37:D40,-1)} -> Südkorea | C43: {=_xlfn.SORTBY(C37:C40,C37:C40,-1,F37:F40,-1,D37:D40,-1)} -> 7 | D43: {=_xlfn.SORTBY(D37:D40,C37:C40,-1,F37:F40,-1,D37:D40,-1)} -> 7 | E43: {=_xlfn.SORTBY(E37:E40,C37:C40,-1,F37:F40,-1,D37:D40,-1)} -> 3 | F43: {=_xlfn.SORTBY(F37:F40,C37:C40,-1,F37:F40,-1,D37:D40,-1)} -> 4 | H43: 1 | I43: {=_xlfn.SORTBY(I37:I40,J37:J40,-1,M37:M40,-1,K37:K40,-1)} -> Bosnien-Herz. | J43: {=_xlfn.SORTBY(J37:J40,J37:J40,-1,M37:M40,-1,K37:K40,-1)} -> 7 | K43: {=_xlfn.SORTBY(K37:K40,J37:J40,-1,M37:M40,-1,K37:K40,-1)} -> 8 | L43: {=_xlfn.SORTBY(L37:L40,J37:J40,-1,M37:M40,-1,K37:K40,-1)} -> 3 | M43: {=_xlfn.SORTBY(M37:M40,J37:J40,-1,M37:M40,-1,K37:K40,-1)} -> 5 | O43: 1 | P43: {=_xlfn.SORTBY(P37:P40,Q37:Q40,-1,T37:T40,-1,R37:R40,-1)} -> Brasilien | Q43: {=_xlfn.SORTBY(Q37:Q40,Q37:Q40,-1,T37:T40,-1,R37:R40,-1)} -> 9 | R43: {=_xlfn.SORTBY(R37:R40,Q37:Q40,-1,T37:T40,-1,R37:R40,-1)} -> 9 | S43: {=_xlfn.SORTBY(S37:S40,Q37:Q40,-1,T37:T40,-1,R37:R40,-1)} -> 1 | T43: {=_xlfn.SORTBY(T37:T40,Q37:Q40,-1,T37:T40,-1,R37:R40,-1)} -> 8 | V43: 1 | W43: {=_xlfn.SORTBY(W37:W40,X37:X40,-1,AA37:AA40,-1,Y37:Y40,-1)} -> Türkei | X43: {=_xlfn.SORTBY(X37:X40,X37:X40,-1,AA37:AA40,-1,Y37:Y40,-1)} -> 7 | Y43: {=_xlfn.SORTBY(Y37:Y40,X37:X40,-1,AA37:AA40,-1,Y37:Y40,-1)} -> 8 | Z43: {=_xlfn.SORTBY(Z37:Z40,X37:X40,-1,AA37:AA40,-1,Y37:Y40,-1)} -> 3 | AA43: {=_xlfn.SORTBY(AA37:AA40,X37:X40,-1,AA37:AA40,-1,Y37:Y40,-1)} -> 5 | AC43: 1 | AD43: {=_xlfn.SORTBY(AD37:AD40,AE37:AE40,-1,AH37:AH40,-1,AF37:AF40,-1)} -> Elfenbeinküste | AE43: {=_xlfn.SORTBY(AE37:AE40,AE37:AE40,-1,AH37:AH40,-1,AF37:AF40,-1)} -> 9 | AF43: {=_xlfn.SORTBY(AF37:AF40,AE37:AE40,-1,AH37:AH40,-1,AF37:AF40,-1)} -> 10 | AG43: {=_xlfn.SORTBY(AG37:AG40,AE37:AE40,-1,AH37:AH40,-1,AF37:AF40,-1)} -> 3 | AH43: {=_xlfn.SORTBY(AH37:AH40,AE37:AE40,-1,AH37:AH40,-1,AF37:AF40,-1)} -> 7 | AJ43: 1 | AK43: {=_xlfn.SORTBY(AK37:AK40,AL37:AL40,-1,AO37:AO40,-1,AM37:AM40,-1)} -> Japan | AL43: {=_xlfn.SORTBY(AL37:AL40,AL37:AL40,-1,AO37:AO40,-1,AM37:AM40,-1)} -> 9 | AM43: {=_xlfn.SORTBY(AM37:AM40,AL37:AL40,-1,AO37:AO40,-1,AM37:AM40,-1)} -> 8 | AN43: {=_xlfn.SORTBY(AN37:AN40,AL37:AL40,-1,AO37:AO40,-1,AM37:AM40,-1)} -> 3 | AO43: {=_xlfn.SORTBY(AO37:AO40,AL37:AL40,-1,AO37:AO40,-1,AM37:AM40,-1)} -> 5
A44: 2 | B44: Mexiko | C44: 7 | D44: 6 | E44: 3 | F44: 3 | H44: 2 | I44: Schweiz | J44: 7 | K44: 7 | L44: 3 | M44: 4 | O44: 2 | P44: Marokko | Q44: 6 | R44: 5 | S44: 3 | T44: 2 | V44: 2 | W44: Paraguay | X44: 7 | Y44: 6 | Z44: 3 | AA44: 3 | AC44: 2 | AD44: Deutschland | AE44: 6 | AF44: 7 | AG44: 3 | AH44: 4 | AJ44: 2 | AK44: Niederlande | AL44: 6 | AM44: 6 | AN44: 3 | AO44: 3
A45: 3 | B45: Tschechien | C45: 1 | D45: 3 | E45: 5 | F45: -2 | H45: 3 | I45: Kanada | J45: 3 | K45: 4 | L45: 6 | M45: -2 | O45: 3 | P45: Schottland | Q45: 3 | R45: 3 | S45: 6 | T45: -3 | V45: 3 | W45: Australien | X45: 1 | Y45: 2 | Z45: 5 | AA45: -3 | AC45: 3 | AD45: Ecuador | AE45: 3 | AF45: 6 | AG45: 6 | AH45: 0 | AJ45: 3 | AK45: Tunesien | AL45: 3 | AM45: 4 | AN45: 5 | AO45: -1
A46: 4 | B46: Südafrika | C46: 1 | D46: 1 | E46: 6 | F46: -5 | H46: 4 | I46: Katar | J46: 0 | K46: 1 | L46: 8 | M46: -7 | O46: 4 | P46: Haiti | Q46: 0 | R46: 0 | S46: 7 | T46: -7 | V46: 4 | W46: USA | X46: 1 | Y46: 0 | Z46: 5 | AA46: -5 | AC46: 4 | AD46: Curacao | AE46: 0 | AF46: 1 | AG46: 12 | AH46: -11 | AJ46: 4 | AK46: Schweden | AL46: 0 | AM46: 1 | AN46: 8 | AO46: -7
A48: Gruppe G | H48: Gruppe H | O48: Gruppe I | V48: Gruppe J | AC48: Gruppe K | AJ48: Gruppe L
B50: Runde 1 | I50: Runde 1 | P50: Runde 1 | W50: Runde 1 | AD50: Runde 1 | AK50: Runde 1
B51: Belgien | C51: Ägypten | I51: Spanien | J51: Kap Verde | P51: Frankreich | Q51: Senegal | W51: Argentinien | X51: Algerien | AD51: Portugal | AE51: DR Kongo | AK51: England | AL51: Kroatien
B52: 3 | C52: 1 | I52: 4 | J52: 0 | P52: 1 | Q52: 1 | W52: 4 | X52: 1 | AD52: 2 | AE52: 0 | AK52: 2 | AL52: 1
B53: =IF(B52=C52,"Unentschieden",IF(B52>C52,B51,C51)) -> Belgien | I53: =IF(I52=J52,"Unentschieden",IF(I52>J52,I51,J51)) -> Spanien | P53: =IF(P52=Q52,"Unentschieden",IF(P52>Q52,P51,Q51)) -> Unentschieden | W53: =IF(W52=X52,"Unentschieden",IF(W52>X52,W51,X51)) -> Argentinien | AD53: =IF(AD52=AE52,"Unentschieden",IF(AD52>AE52,AD51,AE51)) -> Portugal | AK53: =IF(AK52=AL52,"Unentschieden",IF(AK52>AL52,AK51,AL51)) -> England
B54: =IF(B52=C52,1,IF(B52>C52,3,0)) -> 3 | C54: =IF(C52=B52,1,IF(C52>B52,3,0)) -> 0 | I54: =IF(I52=J52,1,IF(I52>J52,3,0)) -> 3 | J54: =IF(J52=I52,1,IF(J52>I52,3,0)) -> 0 | P54: =IF(P52=Q52,1,IF(P52>Q52,3,0)) -> 1 | Q54: =IF(Q52=P52,1,IF(Q52>P52,3,0)) -> 1 | W54: =IF(W52=X52,1,IF(W52>X52,3,0)) -> 3 | X54: =IF(X52=W52,1,IF(X52>W52,3,0)) -> 0 | AD54: =IF(AD52=AE52,1,IF(AD52>AE52,3,0)) -> 3 | AE54: =IF(AE52=AD52,1,IF(AE52>AD52,3,0)) -> 0 | AK54: =IF(AK52=AL52,1,IF(AK52>AL52,3,0)) -> 3 | AL54: =IF(AL52=AK52,1,IF(AL52>AK52,3,0)) -> 0
B56: Iran | C56: Neuseeland | I56: Saudi-Arabien | J56: Uruguay | P56: Irak | Q56: Norwegen | W56: Österreich | X56: Jordanien | AD56: Usbekistan | AE56: Kolumbien | AK56: Ghana | AL56: Panama
B57: 2 | C57: 1 | I57: 1 | J57: 3 | P57: 0 | Q57: 3 | W57: 2 | X57: 0 | AD57: 0 | AE57: 3 | AK57: 2 | AL57: 0
B58: =IF(B57=C57,"Unentschieden",IF(B57>C57,B56,C56)) -> Iran | I58: =IF(I57=J57,"Unentschieden",IF(I57>J57,I56,J56)) -> Uruguay | P58: =IF(P57=Q57,"Unentschieden",IF(P57>Q57,P56,Q56)) -> Norwegen | W58: =IF(W57=X57,"Unentschieden",IF(W57>X57,W56,X56)) -> Österreich | AD58: =IF(AD57=AE57,"Unentschieden",IF(AD57>AE57,AD56,AE56)) -> Kolumbien | AK58: =IF(AK57=AL57,"Unentschieden",IF(AK57>AL57,AK56,AL56)) -> Ghana
B59: =IF(B57=C57,1,IF(B57>C57,3,0)) -> 3 | C59: =IF(C57=B57,1,IF(C57>B57,3,0)) -> 0 | I59: =IF(I57=J57,1,IF(I57>J57,3,0)) -> 0 | J59: =IF(J57=I57,1,IF(J57>I57,3,0)) -> 3 | P59: =IF(P57=Q57,1,IF(P57>Q57,3,0)) -> 0 | Q59: =IF(Q57=P57,1,IF(Q57>P57,3,0)) -> 3 | W59: =IF(W57=X57,1,IF(W57>X57,3,0)) -> 3 | X59: =IF(X57=W57,1,IF(X57>W57,3,0)) -> 0 | AD59: =IF(AD57=AE57,1,IF(AD57>AE57,3,0)) -> 0 | AE59: =IF(AE57=AD57,1,IF(AE57>AD57,3,0)) -> 3 | AK59: =IF(AK57=AL57,1,IF(AK57>AL57,3,0)) -> 3 | AL59: =IF(AL57=AK57,1,IF(AL57>AK57,3,0)) -> 0
B61: Runde 2 | I61: Runde 2 | P61: Runde 2 | W61: Runde 2 | AD61: Runde 2 | AK61: Runde 2
B62: Belgien | C62: Iran | I62: Spanien | J62: Saudi-Arabien | P62: Frankreich | Q62: Irak | W62: Argentinien | X62: Österreich | AD62: Portugal | AE62: Usbekistan | AK62: England | AL62: Ghana
B63: 3 | C63: 0 | I63: 3 | J63: 0 | P63: 4 | Q63: 0 | W63: 3 | X63: 0 | AD63: 3 | AE63: 0 | AK63: 1 | AL63: 1
B64: =IF(B63=C63,"Unentschieden",IF(B63>C63,B62,C62)) -> Belgien | I64: =IF(I63=J63,"Unentschieden",IF(I63>J63,I62,J62)) -> Spanien | P64: =IF(P63=Q63,"Unentschieden",IF(P63>Q63,P62,Q62)) -> Frankreich | W64: =IF(W63=X63,"Unentschieden",IF(W63>X63,W62,X62)) -> Argentinien | AD64: =IF(AD63=AE63,"Unentschieden",IF(AD63>AE63,AD62,AE62)) -> Portugal | AK64: =IF(AK63=AL63,"Unentschieden",IF(AK63>AL63,AK62,AL62)) -> Unentschieden
B65: =IF(B63=C63,1,IF(B63>C63,3,0)) -> 3 | C65: =IF(C63=B63,1,IF(C63>B63,3,0)) -> 0 | I65: =IF(I63=J63,1,IF(I63>J63,3,0)) -> 3 | J65: =IF(J63=I63,1,IF(J63>I63,3,0)) -> 0 | P65: =IF(P63=Q63,1,IF(P63>Q63,3,0)) -> 3 | Q65: =IF(Q63=P63,1,IF(Q63>P63,3,0)) -> 0 | W65: =IF(W63=X63,1,IF(W63>X63,3,0)) -> 3 | X65: =IF(X63=W63,1,IF(X63>W63,3,0)) -> 0 | AD65: =IF(AD63=AE63,1,IF(AD63>AE63,3,0)) -> 3 | AE65: =IF(AE63=AD63,1,IF(AE63>AD63,3,0)) -> 0 | AK65: =IF(AK63=AL63,1,IF(AK63>AL63,3,0)) -> 1 | AL65: =IF(AL63=AK63,1,IF(AL63>AK63,3,0)) -> 1
B67: Neuseeland | C67: Ägypten | I67: Uruguay | J67: Kap Verde | P67: Norwegen | Q67: Senegal | W67: Jordanien | X67: Algerien | AD67: Kolumbien | AE67: DR Kongo | AK67: Panama | AL67: Kroatien
B68: 1 | C68: 3 | I68: 3 | J68: 0 | P68: 1 | Q68: 1 | W68: 0 | X68: 2 | AD68: 3 | AE68: 0 | AK68: 0 | AL68: 3
B69: =IF(B68=C68,"Unentschieden",IF(B68>C68,B67,C67)) -> Ägypten | I69: =IF(I68=J68,"Unentschieden",IF(I68>J68,I67,J67)) -> Uruguay | P69: =IF(P68=Q68,"Unentschieden",IF(P68>Q68,P67,Q67)) -> Unentschieden | W69: =IF(W68=X68,"Unentschieden",IF(W68>X68,W67,X67)) -> Algerien | AD69: =IF(AD68=AE68,"Unentschieden",IF(AD68>AE68,AD67,AE67)) -> Kolumbien | AK69: =IF(AK68=AL68,"Unentschieden",IF(AK68>AL68,AK67,AL67)) -> Kroatien
B70: =IF(B68=C68,1,IF(B68>C68,3,0)) -> 0 | C70: =IF(C68=B68,1,IF(C68>B68,3,0)) -> 3 | I70: =IF(I68=J68,1,IF(I68>J68,3,0)) -> 3 | J70: =IF(J68=I68,1,IF(J68>I68,3,0)) -> 0 | P70: =IF(P68=Q68,1,IF(P68>Q68,3,0)) -> 1 | Q70: =IF(Q68=P68,1,IF(Q68>P68,3,0)) -> 1 | W70: =IF(W68=X68,1,IF(W68>X68,3,0)) -> 0 | X70: =IF(X68=W68,1,IF(X68>W68,3,0)) -> 3 | AD70: =IF(AD68=AE68,1,IF(AD68>AE68,3,0)) -> 3 | AE70: =IF(AE68=AD68,1,IF(AE68>AD68,3,0)) -> 0 | AK70: =IF(AK68=AL68,1,IF(AK68>AL68,3,0)) -> 0 | AL70: =IF(AL68=AK68,1,IF(AL68>AK68,3,0)) -> 3
B72: Runde 3 | I72: Runde 3 | P72: Runde 3 | W72: Runde 3 | AD72: Runde 3 | AK72: Runde 3
B73: Neuseeland | C73: Belgien | I73: Uruguay | J73: Spanien | P73: Norwegen | Q73: Frankreich | W73: Jordanien | X73: Argentinien | AD73: Kolumbien | AE73: Portugal | AK73: Panama | AL73: England
B74: 1 | C74: 4 | I74: 1 | J74: 3 | P74: 1 | Q74: 3 | W74: 0 | X74: 4 | AD74: 2 | AE74: 2 | AK74: 0 | AL74: 3
B75: =IF(B74=C74,"Unentschieden",IF(B74>C74,B73,C73)) -> Belgien | I75: =IF(I74=J74,"Unentschieden",IF(I74>J74,I73,J73)) -> Spanien | P75: =IF(P74=Q74,"Unentschieden",IF(P74>Q74,P73,Q73)) -> Frankreich | W75: =IF(W74=X74,"Unentschieden",IF(W74>X74,W73,X73)) -> Argentinien | AD75: =IF(AD74=AE74,"Unentschieden",IF(AD74>AE74,AD73,AE73)) -> Unentschieden | AK75: =IF(AK74=AL74,"Unentschieden",IF(AK74>AL74,AK73,AL73)) -> England
B76: =IF(B74=C74,1,IF(B74>C74,3,0)) -> 0 | C76: =IF(C74=B74,1,IF(C74>B74,3,0)) -> 3 | I76: =IF(I74=J74,1,IF(I74>J74,3,0)) -> 0 | J76: =IF(J74=I74,1,IF(J74>I74,3,0)) -> 3 | P76: =IF(P74=Q74,1,IF(P74>Q74,3,0)) -> 0 | Q76: =IF(Q74=P74,1,IF(Q74>P74,3,0)) -> 3 | W76: =IF(W74=X74,1,IF(W74>X74,3,0)) -> 0 | X76: =IF(X74=W74,1,IF(X74>W74,3,0)) -> 3 | AD76: =IF(AD74=AE74,1,IF(AD74>AE74,3,0)) -> 1 | AE76: =IF(AE74=AD74,1,IF(AE74>AD74,3,0)) -> 1 | AK76: =IF(AK74=AL74,1,IF(AK74>AL74,3,0)) -> 0 | AL76: =IF(AL74=AK74,1,IF(AL74>AK74,3,0)) -> 3
B78: Ägypten | C78: Iran | I78: Kap Verde | J78: Saudi-Arabien | P78: Senegal | Q78: Irak | W78: Algerien | X78: Österreich | AD78: DR Kongo | AE78: Usbekistan | AK78: Kroatien | AL78: Ghana
B79: 2 | C79: 2 | I79: 1 | J79: 2 | P79: 3 | Q79: 0 | W79: 0 | X79: 0 | AD79: 3 | AE79: 1 | AK79: 2 | AL79: 2
B80: =IF(B79=C79,"Unentschieden",IF(B79>C79,B78,C78)) -> Unentschieden | I80: =IF(I79=J79,"Unentschieden",IF(I79>J79,I78,J78)) -> Saudi-Arabien | P80: =IF(P79=Q79,"Unentschieden",IF(P79>Q79,P78,Q78)) -> Senegal | W80: =IF(W79=X79,"Unentschieden",IF(W79>X79,W78,X78)) -> Unentschieden | AD80: =IF(AD79=AE79,"Unentschieden",IF(AD79>AE79,AD78,AE78)) -> DR Kongo | AK80: =IF(AK79=AL79,"Unentschieden",IF(AK79>AL79,AK78,AL78)) -> Unentschieden
B81: =IF(B79=C79,1,IF(B79>C79,3,0)) -> 1 | C81: =IF(C79=B79,1,IF(C79>B79,3,0)) -> 1 | I81: =IF(I79=J79,1,IF(I79>J79,3,0)) -> 0 | J81: =IF(J79=I79,1,IF(J79>I79,3,0)) -> 3 | P81: =IF(P79=Q79,1,IF(P79>Q79,3,0)) -> 3 | Q81: =IF(Q79=P79,1,IF(Q79>P79,3,0)) -> 0 | W81: =IF(W79=X79,1,IF(W79>X79,3,0)) -> 1 | X81: =IF(X79=W79,1,IF(X79>W79,3,0)) -> 1 | AD81: =IF(AD79=AE79,1,IF(AD79>AE79,3,0)) -> 3 | AE81: =IF(AE79=AD79,1,IF(AE79>AD79,3,0)) -> 0 | AK81: =IF(AK79=AL79,1,IF(AK79>AL79,3,0)) -> 1 | AL81: =IF(AL79=AK79,1,IF(AL79>AK79,3,0)) -> 1
B83: Land | C83: Punkte | D83: T | E83: GT | F83: TD | I83: Land | J83: Punkte | K83: T | L83: GT | M83: TD | P83: Land | Q83: Punkte | R83: T | S83: GT | T83: TD | W83: Land | X83: Punkte | Y83: T | Z83: GT | AA83: TD | AD83: Land | AE83: Punkte | AF83: T | AG83: GT | AH83: TD | AK83: Land | AL83: Punkte | AM83: T | AN83: GT | AO83: TD
B84: Belgien | C84: =B54+B65+C76 -> 9 | D84: =B52+B63+C74 -> 10 | E84: =C52+C63+B74 -> 2 | F84: =D84-E84 -> 8 | I84: Spanien | J84: =I54+I65+J76 -> 9 | K84: =I52+I63+J74 -> 10 | L84: =J52+J63+I74 -> 1 | M84: =K84-L84 -> 9 | P84: Frankreich | Q84: =P54+P65+Q76 -> 7 | R84: =P52+P63+Q74 -> 8 | S84: =Q52+Q63+P74 -> 2 | T84: =R84-S84 -> 6 | W84: Argentinien | X84: =W54+W65+X76 -> 9 | Y84: =W52+W63+X74 -> 11 | Z84: =X52+X63+W74 -> 1 | AA84: =Y84-Z84 -> 10 | AD84: Portugal | AE84: =AD54+AD65+AE76 -> 7 | AF84: =AD52+AD63+AE74 -> 7 | AG84: =AE52+AE63+AD74 -> 2 | AH84: =AF84-AG84 -> 5 | AK84: England | AL84: =AK54+AK65+AL76 -> 7 | AM84: =AK52+AK63+AL74 -> 6 | AN84: =AL52+AL63+AK74 -> 2 | AO84: =AM84-AN84 -> 4
B85: Ägypten | C85: =C54+C70+B81 -> 4 | D85: =C52+C68+B79 -> 6 | E85: =B52+B68+C79 -> 6 | F85: =D85-E85 -> 0 | I85: Kap Verde | J85: =J54+J70+I81 -> 0 | K85: =J52+J68+I79 -> 1 | L85: =I52+I68+J79 -> 9 | M85: =K85-L85 -> -8 | P85: Senegal | Q85: =Q54+Q70+P81 -> 5 | R85: =Q52+Q68+P79 -> 5 | S85: =P52+P68+Q79 -> 2 | T85: =R85-S85 -> 3 | W85: Algerien | X85: =X54+X70+W81 -> 4 | Y85: =X52+X68+W79 -> 3 | Z85: =W52+W68+X79 -> 4 | AA85: =Y85-Z85 -> -1 | AD85: DR Kongo | AE85: =AE54+AE70+AD81 -> 3 | AF85: =AE52+AE68+AD79 -> 3 | AG85: =AD52+AD68+AE79 -> 6 | AH85: =AF85-AG85 -> -3 | AK85: Kroatien | AL85: =AL54+AL70+AK81 -> 4 | AM85: =AL52+AL68+AK79 -> 6 | AN85: =AK52+AK68+AL79 -> 4 | AO85: =AM85-AN85 -> 2
B86: Iran | C86: =B59+C65+C81 -> 4 | D86: =B57+C63+C79 -> 4 | E86: =C57+B63+B79 -> 6 | F86: =D86-E86 -> -2 | I86: Saudi-Arabien | J86: =I59+J65+J81 -> 3 | K86: =I57+J63+J79 -> 3 | L86: =J57+I63+I79 -> 7 | M86: =K86-L86 -> -4 | P86: Irak | Q86: =P59+Q65+Q81 -> 0 | R86: =P57+Q63+Q79 -> 0 | S86: =Q57+P63+P79 -> 10 | T86: =R86-S86 -> -10 | W86: Österreich | X86: =W59+X65+X81 -> 4 | Y86: =W57+X63+X79 -> 2 | Z86: =X57+W63+W79 -> 3 | AA86: =Y86-Z86 -> -1 | AD86: Usbekistan | AE86: =AD59+AE65+AE81 -> 0 | AF86: =AD57+AE63+AE79 -> 1 | AG86: =AE57+AD63+AD79 -> 9 | AH86: =AF86-AG86 -> -8 | AK86: Ghana | AL86: =AK59+AL65+AL81 -> 5 | AM86: =AK57+AL63+AL79 -> 5 | AN86: =AL57+AK63+AK79 -> 3 | AO86: =AM86-AN86 -> 2
B87: Neuseeland | C87: =C59+B70+B76 -> 0 | D87: =C57+B68+B74 -> 3 | E87: =B57+C68+C74 -> 9 | F87: =D87-E87 -> -6 | I87: Uruguay | J87: =J59+I70+I76 -> 6 | K87: =J57+I68+I74 -> 7 | L87: =I57+J68+J74 -> 4 | M87: =K87-L87 -> 3 | P87: Norwegen | Q87: =Q59+P70+P76 -> 4 | R87: =Q57+P68+P74 -> 5 | S87: =P57+Q68+Q74 -> 4 | T87: =R87-S87 -> 1 | W87: Jordanien | X87: =X59+W70+W76 -> 0 | Y87: =X57+W68+W74 -> 0 | Z87: =W57+X68+X74 -> 8 | AA87: =Y87-Z87 -> -8 | AD87: Kolumbien | AE87: =AE59+AD70+AD76 -> 7 | AF87: =AE57+AD68+AD74 -> 8 | AG87: =AD57+AE68+AE74 -> 2 | AH87: =AF87-AG87 -> 6 | AK87: Panama | AL87: =AL59+AK70+AK76 -> 0 | AM87: =AL57+AK68+AK74 -> 0 | AN87: =AK57+AL68+AL74 -> 8 | AO87: =AM87-AN87 -> -8
B89: Rangliste: | I89: Rangliste: | P89: Rangliste: | W89: Rangliste: | AD89: Rangliste: | AK89: Rangliste:
A90: 1 | B90: {=_xlfn.SORTBY(B84:B87,C84:C87,-1,F84:F87,-1,D84:D87,-1)} -> Belgien | C90: {=_xlfn.SORTBY(C84:C87,C84:C87,-1,F84:F87,-1,D84:D87,-1)} -> 9 | D90: {=_xlfn.SORTBY(D84:D87,C84:C87,-1,F84:F87,-1,D84:D87,-1)} -> 10 | E90: {=_xlfn.SORTBY(E84:E87,C84:C87,-1,F84:F87,-1,D84:D87,-1)} -> 2 | F90: {=_xlfn.SORTBY(F84:F87,C84:C87,-1,F84:F87,-1,D84:D87,-1)} -> 8 | H90: 1 | I90: {=_xlfn.SORTBY(I84:I87,J84:J87,-1,M84:M87,-1,K84:K87,-1)} -> Spanien | J90: {=_xlfn.SORTBY(J84:J87,J84:J87,-1,M84:M87,-1,K84:K87,-1)} -> 9 | K90: {=_xlfn.SORTBY(K84:K87,J84:J87,-1,M84:M87,-1,K84:K87,-1)} -> 10 | L90: {=_xlfn.SORTBY(L84:L87,J84:J87,-1,M84:M87,-1,K84:K87,-1)} -> 1 | M90: {=_xlfn.SORTBY(M84:M87,J84:J87,-1,M84:M87,-1,K84:K87,-1)} -> 9 | O90: 1 | P90: {=_xlfn.SORTBY(P84:P87,Q84:Q87,-1,T84:T87,-1,R84:R87,-1)} -> Frankreich | Q90: {=_xlfn.SORTBY(Q84:Q87,Q84:Q87,-1,T84:T87,-1,R84:R87,-1)} -> 7 | R90: {=_xlfn.SORTBY(R84:R87,Q84:Q87,-1,T84:T87,-1,R84:R87,-1)} -> 8 | S90: {=_xlfn.SORTBY(S84:S87,Q84:Q87,-1,T84:T87,-1,R84:R87,-1)} -> 2 | T90: {=_xlfn.SORTBY(T84:T87,Q84:Q87,-1,T84:T87,-1,R84:R87,-1)} -> 6 | V90: 1 | W90: {=_xlfn.SORTBY(W84:W87,X84:X87,-1,AA84:AA87,-1,Y84:Y87,-1)} -> Argentinien | X90: {=_xlfn.SORTBY(X84:X87,X84:X87,-1,AA84:AA87,-1,Y84:Y87,-1)} -> 9 | Y90: {=_xlfn.SORTBY(Y84:Y87,X84:X87,-1,AA84:AA87,-1,Y84:Y87,-1)} -> 11 | Z90: {=_xlfn.SORTBY(Z84:Z87,X84:X87,-1,AA84:AA87,-1,Y84:Y87,-1)} -> 1 | AA90: {=_xlfn.SORTBY(AA84:AA87,X84:X87,-1,AA84:AA87,-1,Y84:Y87,-1)} -> 10 | AC90: 1 | AD90: {=_xlfn.SORTBY(AD84:AD87,AE84:AE87,-1,AH84:AH87,-1,AF84:AF87,-1)} -> Kolumbien | AE90: {=_xlfn.SORTBY(AE84:AE87,AE84:AE87,-1,AH84:AH87,-1,AF84:AF87,-1)} -> 7 | AF90: {=_xlfn.SORTBY(AF84:AF87,AE84:AE87,-1,AH84:AH87,-1,AF84:AF87,-1)} -> 8 | AG90: {=_xlfn.SORTBY(AG84:AG87,AE84:AE87,-1,AH84:AH87,-1,AF84:AF87,-1)} -> 2 | AH90: {=_xlfn.SORTBY(AH84:AH87,AE84:AE87,-1,AH84:AH87,-1,AF84:AF87,-1)} -> 6 | AJ90: 1 | AK90: {=_xlfn.SORTBY(AK84:AK87,AL84:AL87,-1,AO84:AO87,-1,AM84:AM87,-1)} -> England | AL90: {=_xlfn.SORTBY(AL84:AL87,AL84:AL87,-1,AO84:AO87,-1,AM84:AM87,-1)} -> 7 | AM90: {=_xlfn.SORTBY(AM84:AM87,AL84:AL87,-1,AO84:AO87,-1,AM84:AM87,-1)} -> 6 | AN90: {=_xlfn.SORTBY(AN84:AN87,AL84:AL87,-1,AO84:AO87,-1,AM84:AM87,-1)} -> 2 | AO90: {=_xlfn.SORTBY(AO84:AO87,AL84:AL87,-1,AO84:AO87,-1,AM84:AM87,-1)} -> 4
A91: 2 | B91: Ägypten | C91: 4 | D91: 6 | E91: 6 | F91: 0 | H91: 2 | I91: Uruguay | J91: 6 | K91: 7 | L91: 4 | M91: 3 | O91: 2 | P91: Senegal | Q91: 5 | R91: 5 | S91: 2 | T91: 3 | V91: 2 | W91: Algerien | X91: 4 | Y91: 3 | Z91: 4 | AA91: -1 | AC91: 2 | AD91: Portugal | AE91: 7 | AF91: 7 | AG91: 2 | AH91: 5 | AJ91: 2 | AK91: Ghana | AL91: 5 | AM91: 5 | AN91: 3 | AO91: 2
A92: 3 | B92: Iran | C92: 4 | D92: 4 | E92: 6 | F92: -2 | H92: 3 | I92: Saudi-Arabien | J92: 3 | K92: 3 | L92: 7 | M92: -4 | O92: 3 | P92: Norwegen | Q92: 4 | R92: 5 | S92: 4 | T92: 1 | V92: 3 | W92: Österreich | X92: 4 | Y92: 2 | Z92: 3 | AA92: -1 | AC92: 3 | AD92: DR Kongo | AE92: 3 | AF92: 3 | AG92: 6 | AH92: -3 | AJ92: 3 | AK92: Kroatien | AL92: 4 | AM92: 6 | AN92: 4 | AO92: 2
A93: 4 | B93: Neuseeland | C93: 0 | D93: 3 | E93: 9 | F93: -6 | H93: 4 | I93: Kap Verde | J93: 0 | K93: 1 | L93: 9 | M93: -8 | O93: 4 | P93: Irak | Q93: 0 | R93: 0 | S93: 10 | T93: -10 | V93: 4 | W93: Jordanien | X93: 0 | Y93: 0 | Z93: 8 | AA93: -8 | AC93: 4 | AD93: Usbekistan | AE93: 0 | AF93: 1 | AG93: 9 | AH93: -8 | AJ93: 4 | AK93: Panama | AL93: 0 | AM93: 0 | AN93: 8 | AO93: -8
U95: Drittplatzierte
R97: Land | U97: Punkte | V97: Tore | W97: Gegentore | X97: Tordifferenz
R98: =B92 -> Iran | U98: =C92 -> 4 | V98: =D92 -> 4 | W98: =E92 -> 6 | X98: =F92 -> -2
R99: =I92 -> Saudi-Arabien | U99: =J92 -> 3 | V99: =K92 -> 3 | W99: =L92 -> 7 | X99: =M92 -> -4
R100: =P92 -> Norwegen | U100: =Q92 -> 4 | V100: =R92 -> 5 | W100: =S92 -> 4 | X100: =T92 -> 1
R101: =W92 -> Österreich | U101: =X92 -> 4 | V101: =Y92 -> 2 | W101: =Z92 -> 3 | X101: =AA92 -> -1
R102: =AD92 -> DR Kongo | U102: =AE92 -> 3 | V102: =AF92 -> 3 | W102: =AG92 -> 6 | X102: =AH92 -> -3
R103: =AK92 -> Kroatien | U103: =AL92 -> 4 | V103: =AM92 -> 6 | W103: =AN92 -> 4 | X103: =AO92 -> 2
R104: =B45 -> Tschechien | U104: =C45 -> 1 | V104: =D45 -> 3 | W104: =E45 -> 5 | X104: =F45 -> -2
R105: =I45 -> Kanada | U105: =J45 -> 3 | V105: =K45 -> 4 | W105: =L45 -> 6 | X105: =M45 -> -2
R106: =P45 -> Schottland | U106: =Q45 -> 3 | V106: =R45 -> 3 | W106: =S45 -> 6 | X106: =T45 -> -3
R107: =W45 -> Australien | U107: =X45 -> 1 | V107: =Y45 -> 2 | W107: =Z45 -> 5 | X107: =AA45 -> -3
R108: =AD45 -> Ecuador | U108: =AE45 -> 3 | V108: =AF45 -> 6 | W108: =AG45 -> 6 | X108: =AH45 -> 0
R109: =AK45 -> Tunesien | U109: =AL45 -> 3 | V109: =AM45 -> 4 | W109: =AN45 -> 5 | X109: =AO45 -> -1
Q112: 1 | R112: {=_xlfn.SORTBY(R98:R109,U98:U109,-1,X98:X109,-1,V98:V109,-1)} -> Kroatien | U112: {=_xlfn.SORTBY(U98:U109,U98:U109,-1,X98:X109,-1,V98:V109,-1)} -> 4 | V112: {=_xlfn.SORTBY(V98:V109,U98:U109,-1,X98:X109,-1,V98:V109,-1)} -> 6 | W112: {=_xlfn.SORTBY(W98:W109,U98:U109,-1,X98:X109,-1,V98:V109,-1)} -> 4 | X112: {=_xlfn.SORTBY(X98:X109,U98:U109,-1,X98:X109,-1,V98:V109,-1)} -> 2
Q113: 2 | R113: Norwegen | U113: 4 | V113: 5 | W113: 4 | X113: 1
Q114: 3 | R114: Österreich | U114: 4 | V114: 2 | W114: 3 | X114: -1
Q115: 4 | R115: Iran | U115: 4 | V115: 4 | W115: 6 | X115: -2
Q116: 5 | R116: Ecuador | U116: 3 | V116: 6 | W116: 6 | X116: 0
Q117: 6 | R117: Tunesien | U117: 3 | V117: 4 | W117: 5 | X117: -1
Q118: 7 | R118: Kanada | U118: 3 | V118: 4 | W118: 6 | X118: -2
Q119: 8 | R119: DR Kongo | U119: 3 | V119: 3 | W119: 6 | X119: -3
Q120: 9 | R120: Schottland | U120: 3 | V120: 3 | W120: 6 | X120: -3
Q121: 10 | R121: Saudi-Arabien | U121: 3 | V121: 3 | W121: 7 | X121: -4
...

Sheet Nici
B1: Gruppe A | H1: Gruppe B | O1: Gruppe C | V1: Gruppe D | AC1: Gruppe E | AJ1: Gruppe F
B3: Runde 1 | I3: Runde 1 | P3: Runde 1 | W3: Runde 1 | AD3: Runde 1 | AK3: Runde 1
B4: Mexiko | C4: Südafrika | I4: Kanada | J4: Bosnien-Herz. | P4: Brasilien | Q4: Marokko | W4: USA | X4: Paraguay | AD4: Deutschland | AE4: Curacao | AK4: Niederlande | AL4: Japan
B5: 1 | C5: 0 | I5: 1 | J5: 0 | P5: 1 | Q5: 1 | W5: 1 | X5: 0 | AD5: 3 | AE5: 0 | AK5: 1 | AL5: 1
B6: =IF(B5=C5,"Unentschieden",IF(B5>C5,B4,C4)) -> Mexiko | I6: =IF(I5=J5,"Unentschieden",IF(I5>J5,I4,J4)) -> Kanada | P6: =IF(P5=Q5,"Unentschieden",IF(P5>Q5,P4,Q4)) -> Unentschieden | W6: =IF(W5=X5,"Unentschieden",IF(W5>X5,W4,X4)) -> USA | AD6: =IF(AD5=AE5,"Unentschieden",IF(AD5>AE5,AD4,AE4)) -> Deutschland | AK6: =IF(AK5=AL5,"Unentschieden",IF(AK5>AL5,AK4,AL4)) -> Unentschieden
B7: =IF(B5=C5,1,IF(B5>C5,3,0)) -> 3 | C7: =IF(C5=B5,1,IF(C5>B5,3,0)) -> 0 | I7: =IF(I5=J5,1,IF(I5>J5,3,0)) -> 3 | J7: =IF(J5=I5,1,IF(J5>I5,3,0)) -> 0 | P7: =IF(P5=Q5,1,IF(P5>Q5,3,0)) -> 1 | Q7: =IF(Q5=P5,1,IF(Q5>P5,3,0)) -> 1 | W7: =IF(W5=X5,1,IF(W5>X5,3,0)) -> 3 | X7: =IF(X5=W5,1,IF(X5>W5,3,0)) -> 0 | AD7: =IF(AD5=AE5,1,IF(AD5>AE5,3,0)) -> 3 | AE7: =IF(AE5=AD5,1,IF(AE5>AD5,3,0)) -> 0 | AK7: =IF(AK5=AL5,1,IF(AK5>AL5,3,0)) -> 1 | AL7: =IF(AL5=AK5,1,IF(AL5>AK5,3,0)) -> 1
B9: Südkorea | C9: Tschechien | I9: Katar | J9: Schweiz | P9: Haiti | Q9: Schottland | W9: Australien | X9: Türkei | AD9: Elfenbeinküste | AE9: Ecuador | AK9: Schweden | AL9: Tunesien
B10: 1 | C10: 1 | I10: 0 | J10: 2 | P10: 1 | Q10: 2 | W10: 1 | X10: 1 | AD10: 0 | AE10: 1 | AK10: 1 | AL10: 1
B11: =IF(B10=C10,"Unentschieden",IF(B10>C10,B9,C9)) -> Unentschieden | I11: =IF(I10=J10,"Unentschieden",IF(I10>J10,I9,J9)) -> Schweiz | P11: =IF(P10=Q10,"Unentschieden",IF(P10>Q10,P9,Q9)) -> Schottland | W11: =IF(W10=X10,"Unentschieden",IF(W10>X10,W9,X9)) -> Unentschieden | AD11: =IF(AD10=AE10,"Unentschieden",IF(AD10>AE10,AD9,AE9)) -> Ecuador | AK11: =IF(AK10=AL10,"Unentschieden",IF(AK10>AL10,AK9,AL9)) -> Unentschieden
B12: =IF(B10=C10,1,IF(B10>C10,3,0)) -> 1 | C12: =IF(C10=B10,1,IF(C10>B10,3,0)) -> 1 | I12: =IF(I10=J10,1,IF(I10>J10,3,0)) -> 0 | J12: =IF(J10=I10,1,IF(J10>I10,3,0)) -> 3 | P12: =IF(P10=Q10,1,IF(P10>Q10,3,0)) -> 0 | Q12: =IF(Q10=P10,1,IF(Q10>P10,3,0)) -> 3 | W12: =IF(W10=X10,1,IF(W10>X10,3,0)) -> 1 | X12: =IF(X10=W10,1,IF(X10>W10,3,0)) -> 1 | AD12: =IF(AD10=AE10,1,IF(AD10>AE10,3,0)) -> 0 | AE12: =IF(AE10=AD10,1,IF(AE10>AD10,3,0)) -> 3 | AK12: =IF(AK10=AL10,1,IF(AK10>AL10,3,0)) -> 1 | AL12: =IF(AL10=AK10,1,IF(AL10>AK10,3,0)) -> 1
B14: Runde 2 | I14: Runde 2 | P14: Runde 2 | W14: Runde 2 | AD14: Runde 2 | AK14: Runde 2
B15: Tschechien | C15: Südafrika | I15: Schweiz | J15: Bosnien-Herz. | P15: Schottland | Q15: Marokko | W15: Türkei | X15: Paraguay | AD15: Ecuador | AE15: Curacao | AK15: Tunesien | AL15: Japan
B16: 1 | C16: 0 | I16: 2 | J16: 0 | P16: 1 | Q16: 1 | W16: 1 | X16: 0 | AD16: 2 | AE16: 0 | AK16: 0 | AL16: 2
B17: =IF(B16=C16,"Unentschieden",IF(B16>C16,B15,C15)) -> Tschechien | I17: =IF(I16=J16,"Unentschieden",IF(I16>J16,I15,J15)) -> Schweiz | P17: =IF(P16=Q16,"Unentschieden",IF(P16>Q16,P15,Q15)) -> Unentschieden | W17: =IF(W16=X16,"Unentschieden",IF(W16>X16,W15,X15)) -> Türkei | AD17: =IF(AD16=AE16,"Unentschieden",IF(AD16>AE16,AD15,AE15)) -> Ecuador | AK17: =IF(AK16=AL16,"Unentschieden",IF(AK16>AL16,AK15,AL15)) -> Japan
B18: =IF(B16=C16,1,IF(B16>C16,3,0)) -> 3 | C18: =IF(C16=B16,1,IF(C16>B16,3,0)) -> 0 | I18: =IF(I16=J16,1,IF(I16>J16,3,0)) -> 3 | J18: =IF(J16=I16,1,IF(J16>I16,3,0)) -> 0 | P18: =IF(P16=Q16,1,IF(P16>Q16,3,0)) -> 1 | Q18: =IF(Q16=P16,1,IF(Q16>P16,3,0)) -> 1 | W18: =IF(W16=X16,1,IF(W16>X16,3,0)) -> 3 | X18: =IF(X16=W16,1,IF(X16>W16,3,0)) -> 0 | AD18: =IF(AD16=AE16,1,IF(AD16>AE16,3,0)) -> 3 | AE18: =IF(AE16=AD16,1,IF(AE16>AD16,3,0)) -> 0 | AK18: =IF(AK16=AL16,1,IF(AK16>AL16,3,0)) -> 0 | AL18: =IF(AL16=AK16,1,IF(AL16>AK16,3,0)) -> 3
B20: Mexiko | C20: Südkorea | I20: Kanada | J20: Katar | P20: Brasilien | Q20: Haiti | W20: USA | X20: Australien | AD20: Deutschland | AE20: Elfenbeinküste | AK20: Niederlande | AL20: Schweden
B21: 1 | C21: 1 | I21: 1 | J21: 0 | P21: 3 | Q21: 0 | W21: 1 | X21: 1 | AD21: 2 | AE21: 1 | AK21: 2 | AL21: 1
B22: =IF(B21=C21,"Unentschieden",IF(B21>C21,B20,C20)) -> Unentschieden | I22: =IF(I21=J21,"Unentschieden",IF(I21>J21,I20,J20)) -> Kanada | P22: =IF(P21=Q21,"Unentschieden",IF(P21>Q21,P20,Q20)) -> Brasilien | W22: =IF(W21=X21,"Unentschieden",IF(W21>X21,W20,X20)) -> Unentschieden | AD22: =IF(AD21=AE21,"Unentschieden",IF(AD21>AE21,AD20,AE20)) -> Deutschland | AK22: =IF(AK21=AL21,"Unentschieden",IF(AK21>AL21,AK20,AL20)) -> Niederlande
B23: =IF(B21=C21,1,IF(B21>C21,3,0)) -> 1 | C23: =IF(C21=B21,1,IF(C21>B21,3,0)) -> 1 | I23: =IF(I21=J21,1,IF(I21>J21,3,0)) -> 3 | J23: =IF(J21=I21,1,IF(J21>I21,3,0)) -> 0 | P23: =IF(P21=Q21,1,IF(P21>Q21,3,0)) -> 3 | Q23: =IF(Q21=P21,1,IF(Q21>P21,3,0)) -> 0 | W23: =IF(W21=X21,1,IF(W21>X21,3,0)) -> 1 | X23: =IF(X21=W21,1,IF(X21>W21,3,0)) -> 1 | AD23: =IF(AD21=AE21,1,IF(AD21>AE21,3,0)) -> 3 | AE23: =IF(AE21=AD21,1,IF(AE21>AD21,3,0)) -> 0 | AK23: =IF(AK21=AL21,1,IF(AK21>AL21,3,0)) -> 3 | AL23: =IF(AL21=AK21,1,IF(AL21>AK21,3,0)) -> 0
B25: Runde 3 | I25: Runde 3 | P25: Runde 3 | W25: Runde 3 | AD25: Runde 3 | AK25: Runde 3
B26: Südafrika | C26: Südkorea | I26: Bosnien-Herz. | J26: Katar | P26: Marokko | Q26: Haiti | W26: Paraguay | X26: Australien | AD26: Curacao | AE26: Elfenbeinküste | AK26: Japan | AL26: Schweden
B27: 0 | C27: 1 | I27: 1 | J27: 1 | P27: 2 | Q27: 0 | W27: 1 | X27: 1 | AD27: 0 | AE27: 1 | AK27: 2 | AL27: 1
B28: =IF(B27=C27,"Unentschieden",IF(B27>C27,B26,C26)) -> Südkorea | I28: =IF(I27=J27,"Unentschieden",IF(I27>J27,I26,J26)) -> Unentschieden | P28: =IF(P27=Q27,"Unentschieden",IF(P27>Q27,P26,Q26)) -> Marokko | W28: =IF(W27=X27,"Unentschieden",IF(W27>X27,W26,X26)) -> Unentschieden | AD28: =IF(AD27=AE27,"Unentschieden",IF(AD27>AE27,AD26,AE26)) -> Elfenbeinküste | AK28: =IF(AK27=AL27,"Unentschieden",IF(AK27>AL27,AK26,AL26)) -> Japan
B29: =IF(B27=C27,1,IF(B27>C27,3,0)) -> 0 | C29: =IF(C27=B27,1,IF(C27>B27,3,0)) -> 3 | I29: =IF(I27=J27,1,IF(I27>J27,3,0)) -> 1 | J29: =IF(J27=I27,1,IF(J27>I27,3,0)) -> 1 | P29: =IF(P27=Q27,1,IF(P27>Q27,3,0)) -> 3 | Q29: =IF(Q27=P27,1,IF(Q27>P27,3,0)) -> 0 | W29: =IF(W27=X27,1,IF(W27>X27,3,0)) -> 1 | X29: =IF(X27=W27,1,IF(X27>W27,3,0)) -> 1 | AD29: =IF(AD27=AE27,1,IF(AD27>AE27,3,0)) -> 0 | AE29: =IF(AE27=AD27,1,IF(AE27>AD27,3,0)) -> 3 | AK29: =IF(AK27=AL27,1,IF(AK27>AL27,3,0)) -> 3 | AL29: =IF(AL27=AK27,1,IF(AL27>AK27,3,0)) -> 0
B31: Tschechien | C31: Mexiko | I31: Schweiz | J31: Kanada | P31: Schottland | Q31: Brasilien | W31: Türkei | X31: USA | AD31: Ecuador | AE31: Deutschland | AK31: Tunesien | AL31: Niederlande
B32: 1 | C32: 1 | I32: 1 | J32: 1 | P32: 0 | Q32: 2 | W32: 1 | X32: 1 | AD32: 0 | AE32: 1 | AK32: 0 | AL32: 2
B33: =IF(B32=C32,"Unentschieden",IF(B32>C32,B31,C31)) -> Unentschieden | I33: =IF(I32=J32,"Unentschieden",IF(I32>J32,I31,J31)) -> Unentschieden | P33: =IF(P32=Q32,"Unentschieden",IF(P32>Q32,P31,Q31)) -> Brasilien | W33: =IF(W32=X32,"Unentschieden",IF(W32>X32,W31,X31)) -> Unentschieden | AD33: =IF(AD32=AE32,"Unentschieden",IF(AD32>AE32,AD31,AE31)) -> Deutschland | AK33: =IF(AK32=AL32,"Unentschieden",IF(AK32>AL32,AK31,AL31)) -> Niederlande
B34: =IF(B32=C32,1,IF(B32>C32,3,0)) -> 1 | C34: =IF(C32=B32,1,IF(C32>B32,3,0)) -> 1 | I34: =IF(I32=J32,1,IF(I32>J32,3,0)) -> 1 | J34: =IF(J32=I32,1,IF(J32>I32,3,0)) -> 1 | P34: =IF(P32=Q32,1,IF(P32>Q32,3,0)) -> 0 | Q34: =IF(Q32=P32,1,IF(Q32>P32,3,0)) -> 3 | W34: =IF(W32=X32,1,IF(W32>X32,3,0)) -> 1 | X34: =IF(X32=W32,1,IF(X32>W32,3,0)) -> 1 | AD34: =IF(AD32=AE32,1,IF(AD32>AE32,3,0)) -> 0 | AE34: =IF(AE32=AD32,1,IF(AE32>AD32,3,0)) -> 3 | AK34: =IF(AK32=AL32,1,IF(AK32>AL32,3,0)) -> 0 | AL34: =IF(AL32=AK32,1,IF(AL32>AK32,3,0)) -> 3
B36: Land | C36: Punkte | D36: T | E36: GT | F36: TD | I36: Land | J36: Punkte | K36: T | L36: GT | M36: TD | P36: Land | Q36: Punkte | R36: T | S36: GT | T36: TD | W36: Land | X36: Punkte | Y36: T | Z36: GT | AA36: TD | AD36: Land | AE36: Punkte | AF36: T | AG36: GT | AH36: TD | AK36: Land | AL36: Punkte | AM36: T | AN36: GT | AO36: TD
B37: Mexiko | C37: =B7+B23+C34 -> 5 | D37: =B5+B21+C32 -> 3 | E37: =C5+C21+B32 -> 2 | F37: =D37-E37 -> 1 | I37: Kanada | J37: =I7+I23+J34 -> 7 | K37: =I5+I21+J32 -> 3 | L37: =J5+J21+I32 -> 1 | M37: =K37-L37 -> 2 | P37: Brasilien | Q37: =P7+P23+Q34 -> 7 | R37: =P5+P21+Q32 -> 6 | S37: =Q5+Q21+P32 -> 1 | T37: =R37-S37 -> 5 | W37: USA | X37: =W7+W23+X34 -> 5 | Y37: =W5+W21+X32 -> 3 | Z37: =X5+X21+W32 -> 2 | AA37: =Y37-Z37 -> 1 | AD37: Deutschland | AE37: =AD7+AD23+AE34 -> 9 | AF37: =AD5+AD21+AE32 -> 6 | AG37: =AE5+AE21+AD32 -> 1 | AH37: =AF37-AG37 -> 5 | AK37: Niederlande | AL37: =AK7+AK23+AL34 -> 7 | AM37: =AK5+AK21+AL32 -> 5 | AN37: =AL5+AL21+AK32 -> 2 | AO37: =AM37-AN37 -> 3
B38: Südafrika | C38: =C7+C18+B29 -> 0 | D38: =C5+C16+B27 -> 0 | E38: =B5+B16+C27 -> 3 | F38: =D38-E38 -> -3 | I38: Bosnien-Herz. | J38: =J7+J18+I29 -> 1 | K38: =J5+J16+I27 -> 1 | L38: =I5+I16+J27 -> 4 | M38: =K38-L38 -> -3 | P38: Marokko | Q38: =Q7+Q18+P29 -> 5 | R38: =Q5+Q16+P27 -> 4 | S38: =P5+P16+Q27 -> 2 | T38: =R38-S38 -> 2 | W38: Paraguay | X38: =X7+X18+W29 -> 1 | Y38: =X5+X16+W27 -> 1 | Z38: =W5+W16+X27 -> 3 | AA38: =Y38-Z38 -> -2 | AD38: Curacao | AE38: =AE7+AE18+AD29 -> 0 | AF38: =AE5+AE16+AD27 -> 0 | AG38: =AD5+AD16+AE27 -> 6 | AH38: =AF38-AG38 -> -6 | AK38: Japan | AL38: =AL7+AL18+AK29 -> 7 | AM38: =AL5+AL16+AK27 -> 5 | AN38: =AK5+AK16+AL27 -> 2 | AO38: =AM38-AN38 -> 3
B39: Südkorea | C39: =B12+C23+C29 -> 5 | D39: =B10+C21+C27 -> 3 | E39: =C10+B21+B27 -> 2 | F39: =D39-E39 -> 1 | I39: Katar | J39: =I12+J23+J29 -> 1 | K39: =I10+J21+J27 -> 1 | L39: =J10+I21+I27 -> 4 | M39: =K39-L39 -> -3 | P39: Haiti | Q39: =P12+Q23+Q29 -> 0 | R39: =P10+Q21+Q27 -> 1 | S39: =Q10+P21+P27 -> 7 | T39: =R39-S39 -> -6 | W39: Australien | X39: =W12+X23+X29 -> 3 | Y39: =W10+X21+X27 -> 3 | Z39: =X10+W21+W27 -> 3 | AA39: =Y39-Z39 -> 0 | AD39: Elfenbeinküste | AE39: =AD12+AE23+AE29 -> 3 | AF39: =AD10+AE21+AE27 -> 2 | AG39: =AE10+AD21+AD27 -> 3 | AH39: =AF39-AG39 -> -1 | AK39: Schweden | AL39: =AK12+AL23+AL29 -> 1 | AM39: =AK10+AL21+AL27 -> 3 | AN39: =AL10+AK21+AK27 -> 5 | AO39: =AM39-AN39 -> -2
B40: Tschechien | C40: =C12+B18+B34 -> 5 | D40: =C10+B16+B32 -> 3 | E40: =B10+C16+C32 -> 2 | F40: =D40-E40 -> 1 | I40: Schweiz | J40: =J12+I18+I34 -> 7 | K40: =J10+I16+I32 -> 5 | L40: =I10+J16+J32 -> 1 | M40: =K40-L40 -> 4 | P40: Schottland | Q40: =Q12+P18+P34 -> 4 | R40: =Q10+P16+P32 -> 3 | S40: =P10+Q16+Q32 -> 4 | T40: =R40-S40 -> -1 | W40: Türkei | X40: =X12+W18+W34 -> 5 | Y40: =X10+W16+W32 -> 3 | Z40: =W10+X16+X32 -> 2 | AA40: =Y40-Z40 -> 1 | AD40: Ecuador | AE40: =AE12+AD18+AD34 -> 6 | AF40: =AE10+AD16+AD32 -> 3 | AG40: =AD10+AE16+AE32 -> 1 | AH40: =AF40-AG40 -> 2 | AK40: Tunesien | AL40: =AL12+AK18+AK34 -> 1 | AM40: =AL10+AK16+AK32 -> 1 | AN40: =AK10+AL16+AL32 -> 5 | AO40: =AM40-AN40 -> -4
B42: Rangliste: | I42: Rangliste: | P42: Rangliste: | W42: Rangliste: | AD42: Rangliste: | AK42: Rangliste:
A43: 1 | B43: {=_xlfn.SORTBY(B37:B40,C37:C40,-1,F37:F40,-1,D37:D40,-1)} -> Mexiko | C43: {=_xlfn.SORTBY(C37:C40,C37:C40,-1,F37:F40,-1,D37:D40,-1)} -> 5 | D43: {=_xlfn.SORTBY(D37:D40,C37:C40,-1,F37:F40,-1,D37:D40,-1)} -> 3 | E43: {=_xlfn.SORTBY(E37:E40,C37:C40,-1,F37:F40,-1,D37:D40,-1)} -> 2 | F43: {=_xlfn.SORTBY(F37:F40,C37:C40,-1,F37:F40,-1,D37:D40,-1)} -> 1 | H43: 1 | I43: {=_xlfn.SORTBY(I37:I40,J37:J40,-1,M37:M40,-1,K37:K40,-1)} -> Schweiz | J43: {=_xlfn.SORTBY(J37:J40,J37:J40,-1,M37:M40,-1,K37:K40,-1)} -> 7 | K43: {=_xlfn.SORTBY(K37:K40,J37:J40,-1,M37:M40,-1,K37:K40,-1)} -> 5 | L43: {=_xlfn.SORTBY(L37:L40,J37:J40,-1,M37:M40,-1,K37:K40,-1)} -> 1 | M43: {=_xlfn.SORTBY(M37:M40,J37:J40,-1,M37:M40,-1,K37:K40,-1)} -> 4 | O43: 1 | P43: {=_xlfn.SORTBY(P37:P40,Q37:Q40,-1,T37:T40,-1,R37:R40,-1)} -> Brasilien | Q43: {=_xlfn.SORTBY(Q37:Q40,Q37:Q40,-1,T37:T40,-1,R37:R40,-1)} -> 7 | R43: {=_xlfn.SORTBY(R37:R40,Q37:Q40,-1,T37:T40,-1,R37:R40,-1)} -> 6 | S43: {=_xlfn.SORTBY(S37:S40,Q37:Q40,-1,T37:T40,-1,R37:R40,-1)} -> 1 | T43: {=_xlfn.SORTBY(T37:T40,Q37:Q40,-1,T37:T40,-1,R37:R40,-1)} -> 5 | V43: 1 | W43: {=_xlfn.SORTBY(W37:W40,X37:X40,-1,AA37:AA40,-1,Y37:Y40,-1)} -> USA | X43: {=_xlfn.SORTBY(X37:X40,X37:X40,-1,AA37:AA40,-1,Y37:Y40,-1)} -> 5 | Y43: {=_xlfn.SORTBY(Y37:Y40,X37:X40,-1,AA37:AA40,-1,Y37:Y40,-1)} -> 3 | Z43: {=_xlfn.SORTBY(Z37:Z40,X37:X40,-1,AA37:AA40,-1,Y37:Y40,-1)} -> 2 | AA43: {=_xlfn.SORTBY(AA37:AA40,X37:X40,-1,AA37:AA40,-1,Y37:Y40,-1)} -> 1 | AC43: 1 | AD43: {=_xlfn.SORTBY(AD37:AD40,AE37:AE40,-1,AH37:AH40,-1,AF37:AF40,-1)} -> Deutschland | AE43: {=_xlfn.SORTBY(AE37:AE40,AE37:AE40,-1,AH37:AH40,-1,AF37:AF40,-1)} -> 9 | AF43: {=_xlfn.SORTBY(AF37:AF40,AE37:AE40,-1,AH37:AH40,-1,AF37:AF40,-1)} -> 6 | AG43: {=_xlfn.SORTBY(AG37:AG40,AE37:AE40,-1,AH37:AH40,-1,AF37:AF40,-1)} -> 1 | AH43: {=_xlfn.SORTBY(AH37:AH40,AE37:AE40,-1,AH37:AH40,-1,AF37:AF40,-1)} -> 5 | AJ43: 1 | AK43: {=_xlfn.SORTBY(AK37:AK40,AL37:AL40,-1,AO37:AO40,-1,AM37:AM40,-1)} -> Niederlande | AL43: {=_xlfn.SORTBY(AL37:AL40,AL37:AL40,-1,AO37:AO40,-1,AM37:AM40,-1)} -> 7 | AM43: {=_xlfn.SORTBY(AM37:AM40,AL37:AL40,-1,AO37:AO40,-1,AM37:AM40,-1)} -> 5 | AN43: {=_xlfn.SORTBY(AN37:AN40,AL37:AL40,-1,AO37:AO40,-1,AM37:AM40,-1)} -> 2 | AO43: {=_xlfn.SORTBY(AO37:AO40,AL37:AL40,-1,AO37:AO40,-1,AM37:AM40,-1)} -> 3
A44: 2 | B44: Südkorea | C44: 5 | D44: 3 | E44: 2 | F44: 1 | H44: 2 | I44: Kanada | J44: 7 | K44: 3 | L44: 1 | M44: 2 | O44: 2 | P44: Marokko | Q44: 5 | R44: 4 | S44: 2 | T44: 2 | V44: 2 | W44: Türkei | X44: 5 | Y44: 3 | Z44: 2 | AA44: 1 | AC44: 2 | AD44: Ecuador | AE44: 6 | AF44: 3 | AG44: 1 | AH44: 2 | AJ44: 2 | AK44: Japan | AL44: 7 | AM44: 5 | AN44: 2 | AO44: 3
A45: 3 | B45: Tschechien | C45: 5 | D45: 3 | E45: 2 | F45: 1 | H45: 3 | I45: Bosnien-Herz. | J45: 1 | K45: 1 | L45: 4 | M45: -3 | O45: 3 | P45: Schottland | Q45: 4 | R45: 3 | S45: 4 | T45: -1 | V45: 3 | W45: Australien | X45: 3 | Y45: 3 | Z45: 3 | AA45: 0 | AC45: 3 | AD45: Elfenbeinküste | AE45: 3 | AF45: 2 | AG45: 3 | AH45: -1 | AJ45: 3 | AK45: Schweden | AL45: 1 | AM45: 3 | AN45: 5 | AO45: -2
A46: 4 | B46: Südafrika | C46: 0 | D46: 0 | E46: 3 | F46: -3 | H46: 4 | I46: Katar | J46: 1 | K46: 1 | L46: 4 | M46: -3 | O46: 4 | P46: Haiti | Q46: 0 | R46: 1 | S46: 7 | T46: -6 | V46: 4 | W46: Paraguay | X46: 1 | Y46: 1 | Z46: 3 | AA46: -2 | AC46: 4 | AD46: Curacao | AE46: 0 | AF46: 0 | AG46: 6 | AH46: -6 | AJ46: 4 | AK46: Tunesien | AL46: 1 | AM46: 1 | AN46: 5 | AO46: -4
A48: Gruppe G | H48: Gruppe H | O48: Gruppe I | V48: Gruppe J | AC48: Gruppe K | AJ48: Gruppe L
B50: Runde 1 | I50: Runde 1 | P50: Runde 1 | W50: Runde 1 | AD50: Runde 1 | AK50: Runde 1
B51: Belgien | C51: Ägypten | I51: Spanien | J51: Kap Verde | P51: Frankreich | Q51: Senegal | W51: Argentinien | X51: Algerien | AD51: Portugal | AE51: DR Kongo | AK51: England | AL51: Kroatien
B52: 2 | C52: 0 | I52: 3 | J52: 0 | P52: 2 | Q52: 0 | W52: 2 | X52: 0 | AD52: 2 | AE52: 0 | AK52: 1 | AL52: 1
B53: =IF(B52=C52,"Unentschieden",IF(B52>C52,B51,C51)) -> Belgien | I53: =IF(I52=J52,"Unentschieden",IF(I52>J52,I51,J51)) -> Spanien | P53: =IF(P52=Q52,"Unentschieden",IF(P52>Q52,P51,Q51)) -> Frankreich | W53: =IF(W52=X52,"Unentschieden",IF(W52>X52,W51,X51)) -> Argentinien | AD53: =IF(AD52=AE52,"Unentschieden",IF(AD52>AE52,AD51,AE51)) -> Portugal | AK53: =IF(AK52=AL52,"Unentschieden",IF(AK52>AL52,AK51,AL51)) -> Unentschieden
B54: =IF(B52=C52,1,IF(B52>C52,3,0)) -> 3 | C54: =IF(C52=B52,1,IF(C52>B52,3,0)) -> 0 | I54: =IF(I52=J52,1,IF(I52>J52,3,0)) -> 3 | J54: =IF(J52=I52,1,IF(J52>I52,3,0)) -> 0 | P54: =IF(P52=Q52,1,IF(P52>Q52,3,0)) -> 3 | Q54: =IF(Q52=P52,1,IF(Q52>P52,3,0)) -> 0 | W54: =IF(W52=X52,1,IF(W52>X52,3,0)) -> 3 | X54: =IF(X52=W52,1,IF(X52>W52,3,0)) -> 0 | AD54: =IF(AD52=AE52,1,IF(AD52>AE52,3,0)) -> 3 | AE54: =IF(AE52=AD52,1,IF(AE52>AD52,3,0)) -> 0 | AK54: =IF(AK52=AL52,1,IF(AK52>AL52,3,0)) -> 1 | AL54: =IF(AL52=AK52,1,IF(AL52>AK52,3,0)) -> 1
B56: Iran | C56: Neuseeland | I56: Saudi-Arabien | J56: Uruguay | P56: Irak | Q56: Norwegen | W56: Österreich | X56: Jordanien | AD56: Usbekistan | AE56: Kolumbien | AK56: Ghana | AL56: Panama
B57: 2 | C57: 0 | I57: 0 | J57: 1 | P57: 0 | Q57: 1 | W57: 2 | X57: 0 | AD57: 0 | AE57: 2 | AK57: 1 | AL57: 1
B58: =IF(B57=C57,"Unentschieden",IF(B57>C57,B56,C56)) -> Iran | I58: =IF(I57=J57,"Unentschieden",IF(I57>J57,I56,J56)) -> Uruguay | P58: =IF(P57=Q57,"Unentschieden",IF(P57>Q57,P56,Q56)) -> Norwegen | W58: =IF(W57=X57,"Unentschieden",IF(W57>X57,W56,X56)) -> Österreich | AD58: =IF(AD57=AE57,"Unentschieden",IF(AD57>AE57,AD56,AE56)) -> Kolumbien | AK58: =IF(AK57=AL57,"Unentschieden",IF(AK57>AL57,AK56,AL56)) -> Unentschieden
B59: =IF(B57=C57,1,IF(B57>C57,3,0)) -> 3 | C59: =IF(C57=B57,1,IF(C57>B57,3,0)) -> 0 | I59: =IF(I57=J57,1,IF(I57>J57,3,0)) -> 0 | J59: =IF(J57=I57,1,IF(J57>I57,3,0)) -> 3 | P59: =IF(P57=Q57,1,IF(P57>Q57,3,0)) -> 0 | Q59: =IF(Q57=P57,1,IF(Q57>P57,3,0)) -> 3 | W59: =IF(W57=X57,1,IF(W57>X57,3,0)) -> 3 | X59: =IF(X57=W57,1,IF(X57>W57,3,0)) -> 0 | AD59: =IF(AD57=AE57,1,IF(AD57>AE57,3,0)) -> 0 | AE59: =IF(AE57=AD57,1,IF(AE57>AD57,3,0)) -> 3 | AK59: =IF(AK57=AL57,1,IF(AK57>AL57,3,0)) -> 1 | AL59: =IF(AL57=AK57,1,IF(AL57>AK57,3,0)) -> 1
B61: Runde 2 | I61: Runde 2 | P61: Runde 2 | W61: Runde 2 | AD61: Runde 2 | AK61: Runde 2
B62: Belgien | C62: Iran | I62: Spanien | J62: Saudi-Arabien | P62: Frankreich | Q62: Irak | W62: Argentinien | X62: Österreich | AD62: Portugal | AE62: Usbekistan | AK62: England | AL62: Ghana
B63: 2 | C63: 1 | I63: 2 | J63: 0 | P63: 2 | Q63: 0 | W63: 1 | X63: 0 | AD63: 3 | AE63: 0 | AK63: 3 | AL63: 0
B64: =IF(B63=C63,"Unentschieden",IF(B63>C63,B62,C62)) -> Belgien | I64: =IF(I63=J63,"Unentschieden",IF(I63>J63,I62,J62)) -> Spanien | P64: =IF(P63=Q63,"Unentschieden",IF(P63>Q63,P62,Q62)) -> Frankreich | W64: =IF(W63=X63,"Unentschieden",IF(W63>X63,W62,X62)) -> Argentinien | AD64: =IF(AD63=AE63,"Unentschieden",IF(AD63>AE63,AD62,AE62)) -> Portugal | AK64: =IF(AK63=AL63,"Unentschieden",IF(AK63>AL63,AK62,AL62)) -> England
B65: =IF(B63=C63,1,IF(B63>C63,3,0)) -> 3 | C65: =IF(C63=B63,1,IF(C63>B63,3,0)) -> 0 | I65: =IF(I63=J63,1,IF(I63>J63,3,0)) -> 3 | J65: =IF(J63=I63,1,IF(J63>I63,3,0)) -> 0 | P65: =IF(P63=Q63,1,IF(P63>Q63,3,0)) -> 3 | Q65: =IF(Q63=P63,1,IF(Q63>P63,3,0)) -> 0 | W65: =IF(W63=X63,1,IF(W63>X63,3,0)) -> 3 | X65: =IF(X63=W63,1,IF(X63>W63,3,0)) -> 0 | AD65: =IF(AD63=AE63,1,IF(AD63>AE63,3,0)) -> 3 | AE65: =IF(AE63=AD63,1,IF(AE63>AD63,3,0)) -> 0 | AK65: =IF(AK63=AL63,1,IF(AK63>AL63,3,0)) -> 3 | AL65: =IF(AL63=AK63,1,IF(AL63>AK63,3,0)) -> 0
B67: Neuseeland | C67: Ägypten | I67: Uruguay | J67: Kap Verde | P67: Norwegen | Q67: Senegal | W67: Jordanien | X67: Algerien | AD67: Kolumbien | AE67: DR Kongo | AK67: Panama | AL67: Kroatien
B68: 0 | C68: 1 | I68: 1 | J68: 0 | P68: 1 | Q68: 1 | W68: 1 | X68: 2 | AD68: 2 | AE68: 0 | AK68: 0 | AL68: 2
B69: =IF(B68=C68,"Unentschieden",IF(B68>C68,B67,C67)) -> Ägypten | I69: =IF(I68=J68,"Unentschieden",IF(I68>J68,I67,J67)) -> Uruguay | P69: =IF(P68=Q68,"Unentschieden",IF(P68>Q68,P67,Q67)) -> Unentschieden | W69: =IF(W68=X68,"Unentschieden",IF(W68>X68,W67,X67)) -> Algerien | AD69: =IF(AD68=AE68,"Unentschieden",IF(AD68>AE68,AD67,AE67)) -> Kolumbien | AK69: =IF(AK68=AL68,"Unentschieden",IF(AK68>AL68,AK67,AL67)) -> Kroatien
B70: =IF(B68=C68,1,IF(B68>C68,3,0)) -> 0 | C70: =IF(C68=B68,1,IF(C68>B68,3,0)) -> 3 | I70: =IF(I68=J68,1,IF(I68>J68,3,0)) -> 3 | J70: =IF(J68=I68,1,IF(J68>I68,3,0)) -> 0 | P70: =IF(P68=Q68,1,IF(P68>Q68,3,0)) -> 1 | Q70: =IF(Q68=P68,1,IF(Q68>P68,3,0)) -> 1 | W70: =IF(W68=X68,1,IF(W68>X68,3,0)) -> 0 | X70: =IF(X68=W68,1,IF(X68>W68,3,0)) -> 3 | AD70: =IF(AD68=AE68,1,IF(AD68>AE68,3,0)) -> 3 | AE70: =IF(AE68=AD68,1,IF(AE68>AD68,3,0)) -> 0 | AK70: =IF(AK68=AL68,1,IF(AK68>AL68,3,0)) -> 0 | AL70: =IF(AL68=AK68,1,IF(AL68>AK68,3,0)) -> 3
B72: Runde 3 | I72: Runde 3 | P72: Runde 3 | W72: Runde 3 | AD72: Runde 3 | AK72: Runde 3
B73: Neuseeland | C73: Belgien | I73: Uruguay | J73: Spanien | P73: Norwegen | Q73: Frankreich | W73: Jordanien | X73: Argentinien | AD73: Kolumbien | AE73: Portugal | AK73: Panama | AL73: England
B74: 0 | C74: 3 | I74: 0 | J74: 1 | P74: 1 | Q74: 2 | W74: 0 | X74: 3 | AD74: 1 | AE74: 2 | AK74: 0 | AL74: 2
B75: =IF(B74=C74,"Unentschieden",IF(B74>C74,B73,C73)) -> Belgien | I75: =IF(I74=J74,"Unentschieden",IF(I74>J74,I73,J73)) -> Spanien | P75: =IF(P74=Q74,"Unentschieden",IF(P74>Q74,P73,Q73)) -> Frankreich | W75: =IF(W74=X74,"Unentschieden",IF(W74>X74,W73,X73)) -> Argentinien | AD75: =IF(AD74=AE74,"Unentschieden",IF(AD74>AE74,AD73,AE73)) -> Portugal | AK75: =IF(AK74=AL74,"Unentschieden",IF(AK74>AL74,AK73,AL73)) -> England
B76: =IF(B74=C74,1,IF(B74>C74,3,0)) -> 0 | C76: =IF(C74=B74,1,IF(C74>B74,3,0)) -> 3 | I76: =IF(I74=J74,1,IF(I74>J74,3,0)) -> 0 | J76: =IF(J74=I74,1,IF(J74>I74,3,0)) -> 3 | P76: =IF(P74=Q74,1,IF(P74>Q74,3,0)) -> 0 | Q76: =IF(Q74=P74,1,IF(Q74>P74,3,0)) -> 3 | W76: =IF(W74=X74,1,IF(W74>X74,3,0)) -> 0 | X76: =IF(X74=W74,1,IF(X74>W74,3,0)) -> 3 | AD76: =IF(AD74=AE74,1,IF(AD74>AE74,3,0)) -> 0 | AE76: =IF(AE74=AD74,1,IF(AE74>AD74,3,0)) -> 3 | AK76: =IF(AK74=AL74,1,IF(AK74>AL74,3,0)) -> 0 | AL76: =IF(AL74=AK74,1,IF(AL74>AK74,3,0)) -> 3
B78: Ägypten | C78: Iran | I78: Kap Verde | J78: Saudi-Arabien | P78: Senegal | Q78: Irak | W78: Algerien | X78: Österreich | AD78: DR Kongo | AE78: Usbekistan | AK78: Kroatien | AL78: Ghana
B79: 1 | C79: 2 | I79: 0 | J79: 1 | P79: 1 | Q79: 0 | W79: 1 | X79: 1 | AD79: 0 | AE79: 1 | AK79: 2 | AL79: 0
B80: =IF(B79=C79,"Unentschieden",IF(B79>C79,B78,C78)) -> Iran | I80: =IF(I79=J79,"Unentschieden",IF(I79>J79,I78,J78)) -> Saudi-Arabien | P80: =IF(P79=Q79,"Unentschieden",IF(P79>Q79,P78,Q78)) -> Senegal | W80: =IF(W79=X79,"Unentschieden",IF(W79>X79,W78,X78)) -> Unentschieden | AD80: =IF(AD79=AE79,"Unentschieden",IF(AD79>AE79,AD78,AE78)) -> Usbekistan | AK80: =IF(AK79=AL79,"Unentschieden",IF(AK79>AL79,AK78,AL78)) -> Kroatien
B81: =IF(B79=C79,1,IF(B79>C79,3,0)) -> 0 | C81: =IF(C79=B79,1,IF(C79>B79,3,0)) -> 3 | I81: =IF(I79=J79,1,IF(I79>J79,3,0)) -> 0 | J81: =IF(J79=I79,1,IF(J79>I79,3,0)) -> 3 | P81: =IF(P79=Q79,1,IF(P79>Q79,3,0)) -> 3 | Q81: =IF(Q79=P79,1,IF(Q79>P79,3,0)) -> 0 | W81: =IF(W79=X79,1,IF(W79>X79,3,0)) -> 1 | X81: =IF(X79=W79,1,IF(X79>W79,3,0)) -> 1 | AD81: =IF(AD79=AE79,1,IF(AD79>AE79,3,0)) -> 0 | AE81: =IF(AE79=AD79,1,IF(AE79>AD79,3,0)) -> 3 | AK81: =IF(AK79=AL79,1,IF(AK79>AL79,3,0)) -> 3 | AL81: =IF(AL79=AK79,1,IF(AL79>AK79,3,0)) -> 0
B83: Land | C83: Punkte | D83: T | E83: GT | F83: TD | I83: Land | J83: Punkte | K83: T | L83: GT | M83: TD | P83: Land | Q83: Punkte | R83: T | S83: GT | T83: TD | W83: Land | X83: Punkte | Y83: T | Z83: GT | AA83: TD | AD83: Land | AE83: Punkte | AF83: T | AG83: GT | AH83: TD | AK83: Land | AL83: Punkte | AM83: T | AN83: GT | AO83: TD
B84: Belgien | C84: =B54+B65+C76 -> 9 | D84: =B52+B63+C74 -> 7 | E84: =C52+C63+B74 -> 1 | F84: =D84-E84 -> 6 | I84: Spanien | J84: =I54+I65+J76 -> 9 | K84: =I52+I63+J74 -> 6 | L84: =J52+J63+I74 -> 0 | M84: =K84-L84 -> 6 | P84: Frankreich | Q84: =P54+P65+Q76 -> 9 | R84: =P52+P63+Q74 -> 6 | S84: =Q52+Q63+P74 -> 1 | T84: =R84-S84 -> 5 | W84: Argentinien | X84: =W54+W65+X76 -> 9 | Y84: =W52+W63+X74 -> 6 | Z84: =X52+X63+W74 -> 0 | AA84: =Y84-Z84 -> 6 | AD84: Portugal | AE84: =AD54+AD65+AE76 -> 9 | AF84: =AD52+AD63+AE74 -> 7 | AG84: =AE52+AE63+AD74 -> 1 | AH84: =AF84-AG84 -> 6 | AK84: England | AL84: =AK54+AK65+AL76 -> 7 | AM84: =AK52+AK63+AL74 -> 6 | AN84: =AL52+AL63+AK74 -> 1 | AO84: =AM84-AN84 -> 5
B85: Ägypten | C85: =C54+C70+B81 -> 3 | D85: =C52+C68+B79 -> 2 | E85: =B52+B68+C79 -> 4 | F85: =D85-E85 -> -2 | I85: Kap Verde | J85: =J54+J70+I81 -> 0 | K85: =J52+J68+I79 -> 0 | L85: =I52+I68+J79 -> 5 | M85: =K85-L85 -> -5 | P85: Senegal | Q85: =Q54+Q70+P81 -> 4 | R85: =Q52+Q68+P79 -> 2 | S85: =P52+P68+Q79 -> 3 | T85: =R85-S85 -> -1 | W85: Algerien | X85: =X54+X70+W81 -> 4 | Y85: =X52+X68+W79 -> 3 | Z85: =W52+W68+X79 -> 4 | AA85: =Y85-Z85 -> -1 | AD85: DR Kongo | AE85: =AE54+AE70+AD81 -> 0 | AF85: =AE52+AE68+AD79 -> 0 | AG85: =AD52+AD68+AE79 -> 5 | AH85: =AF85-AG85 -> -5 | AK85: Kroatien | AL85: =AL54+AL70+AK81 -> 7 | AM85: =AL52+AL68+AK79 -> 5 | AN85: =AK52+AK68+AL79 -> 1 | AO85: =AM85-AN85 -> 4
B86: Iran | C86: =B59+C65+C81 -> 6 | D86: =B57+C63+C79 -> 5 | E86: =C57+B63+B79 -> 3 | F86: =D86-E86 -> 2 | I86: Saudi-Arabien | J86: =I59+J65+J81 -> 3 | K86: =I57+J63+J79 -> 1 | L86: =J57+I63+I79 -> 3 | M86: =K86-L86 -> -2 | P86: Irak | Q86: =P59+Q65+Q81 -> 0 | R86: =P57+Q63+Q79 -> 0 | S86: =Q57+P63+P79 -> 4 | T86: =R86-S86 -> -4 | W86: Österreich | X86: =W59+X65+X81 -> 4 | Y86: =W57+X63+X79 -> 3 | Z86: =X57+W63+W79 -> 2 | AA86: =Y86-Z86 -> 1 | AD86: Usbekistan | AE86: =AD59+AE65+AE81 -> 3 | AF86: =AD57+AE63+AE79 -> 1 | AG86: =AE57+AD63+AD79 -> 5 | AH86: =AF86-AG86 -> -4 | AK86: Ghana | AL86: =AK59+AL65+AL81 -> 1 | AM86: =AK57+AL63+AL79 -> 1 | AN86: =AL57+AK63+AK79 -> 6 | AO86: =AM86-AN86 -> -5
B87: Neuseeland | C87: =C59+B70+B76 -> 0 | D87: =C57+B68+B74 -> 0 | E87: =B57+C68+C74 -> 6 | F87: =D87-E87 -> -6 | I87: Uruguay | J87: =J59+I70+I76 -> 6 | K87: =J57+I68+I74 -> 2 | L87: =I57+J68+J74 -> 1 | M87: =K87-L87 -> 1 | P87: Norwegen | Q87: =Q59+P70+P76 -> 4 | R87: =Q57+P68+P74 -> 3 | S87: =P57+Q68+Q74 -> 3 | T87: =R87-S87 -> 0 | W87: Jordanien | X87: =X59+W70+W76 -> 0 | Y87: =X57+W68+W74 -> 1 | Z87: =W57+X68+X74 -> 7 | AA87: =Y87-Z87 -> -6 | AD87: Kolumbien | AE87: =AE59+AD70+AD76 -> 6 | AF87: =AE57+AD68+AD74 -> 5 | AG87: =AD57+AE68+AE74 -> 2 | AH87: =AF87-AG87 -> 3 | AK87: Panama | AL87: =AL59+AK70+AK76 -> 1 | AM87: =AL57+AK68+AK74 -> 1 | AN87: =AK57+AL68+AL74 -> 5 | AO87: =AM87-AN87 -> -4
B89: Rangliste: | I89: Rangliste: | P89: Rangliste: | W89: Rangliste: | AD89: Rangliste: | AK89: Rangliste:
A90: 1 | B90: {=_xlfn.SORTBY(B84:B87,C84:C87,-1,F84:F87,-1,D84:D87,-1)} -> Belgien | C90: {=_xlfn.SORTBY(C84:C87,C84:C87,-1,F84:F87,-1,D84:D87,-1)} -> 9 | D90: {=_xlfn.SORTBY(D84:D87,C84:C87,-1,F84:F87,-1,D84:D87,-1)} -> 7 | E90: {=_xlfn.SORTBY(E84:E87,C84:C87,-1,F84:F87,-1,D84:D87,-1)} -> 1 | F90: {=_xlfn.SORTBY(F84:F87,C84:C87,-1,F84:F87,-1,D84:D87,-1)} -> 6 | H90: 1 | I90: {=_xlfn.SORTBY(I84:I87,J84:J87,-1,M84:M87,-1,K84:K87,-1)} -> Spanien | J90: {=_xlfn.SORTBY(J84:J87,J84:J87,-1,M84:M87,-1,K84:K87,-1)} -> 9 | K90: {=_xlfn.SORTBY(K84:K87,J84:J87,-1,M84:M87,-1,K84:K87,-1)} -> 6 | L90: {=_xlfn.SORTBY(L84:L87,J84:J87,-1,M84:M87,-1,K84:K87,-1)} -> 0 | M90: {=_xlfn.SORTBY(M84:M87,J84:J87,-1,M84:M87,-1,K84:K87,-1)} -> 6 | O90: 1 | P90: {=_xlfn.SORTBY(P84:P87,Q84:Q87,-1,T84:T87,-1,R84:R87,-1)} -> Frankreich | Q90: {=_xlfn.SORTBY(Q84:Q87,Q84:Q87,-1,T84:T87,-1,R84:R87,-1)} -> 9 | R90: {=_xlfn.SORTBY(R84:R87,Q84:Q87,-1,T84:T87,-1,R84:R87,-1)} -> 6 | S90: {=_xlfn.SORTBY(S84:S87,Q84:Q87,-1,T84:T87,-1,R84:R87,-1)} -> 1 | T90: {=_xlfn.SORTBY(T84:T87,Q84:Q87,-1,T84:T87,-1,R84:R87,-1)} -> 5 | V90: 1 | W90: {=_xlfn.SORTBY(W84:W87,X84:X87,-1,AA84:AA87,-1,Y84:Y87,-1)} -> Argentinien | X90: {=_xlfn.SORTBY(X84:X87,X84:X87,-1,AA84:AA87,-1,Y84:Y87,-1)} -> 9 | Y90: {=_xlfn.SORTBY(Y84:Y87,X84:X87,-1,AA84:AA87,-1,Y84:Y87,-1)} -> 6 | Z90: {=_xlfn.SORTBY(Z84:Z87,X84:X87,-1,AA84:AA87,-1,Y84:Y87,-1)} -> 0 | AA90: {=_xlfn.SORTBY(AA84:AA87,X84:X87,-1,AA84:AA87,-1,Y84:Y87,-1)} -> 6 | AC90: 1 | AD90: {=_xlfn.SORTBY(AD84:AD87,AE84:AE87,-1,AH84:AH87,-1,AF84:AF87,-1)} -> Portugal | AE90: {=_xlfn.SORTBY(AE84:AE87,AE84:AE87,-1,AH84:AH87,-1,AF84:AF87,-1)} -> 9 | AF90: {=_xlfn.SORTBY(AF84:AF87,AE84:AE87,-1,AH84:AH87,-1,AF84:AF87,-1)} -> 7 | AG90: {=_xlfn.SORTBY(AG84:AG87,AE84:AE87,-1,AH84:AH87,-1,AF84:AF87,-1)} -> 1 | AH90: {=_xlfn.SORTBY(AH84:AH87,AE84:AE87,-1,AH84:AH87,-1,AF84:AF87,-1)} -> 6 | AJ90: 1 | AK90: {=_xlfn.SORTBY(AK84:AK87,AL84:AL87,-1,AO84:AO87,-1,AM84:AM87,-1)} -> England | AL90: {=_xlfn.SORTBY(AL84:AL87,AL84:AL87,-1,AO84:AO87,-1,AM84:AM87,-1)} -> 7 | AM90: {=_xlfn.SORTBY(AM84:AM87,AL84:AL87,-1,AO84:AO87,-1,AM84:AM87,-1)} -> 6 | AN90: {=_xlfn.SORTBY(AN84:AN87,AL84:AL87,-1,AO84:AO87,-1,AM84:AM87,-1)} -> 1 | AO90: {=_xlfn.SORTBY(AO84:AO87,AL84:AL87,-1,AO84:AO87,-1,AM84:AM87,-1)} -> 5
A91: 2 | B91: Iran | C91: 6 | D91: 5 | E91: 3 | F91: 2 | H91: 2 | I91: Uruguay | J91: 6 | K91: 2 | L91: 1 | M91: 1 | O91: 2 | P91: Norwegen | Q91: 4 | R91: 3 | S91: 3 | T91: 0 | V91: 2 | W91: Österreich | X91: 4 | Y91: 3 | Z91: 2 | AA91: 1 | AC91: 2 | AD91: Kolumbien | AE91: 6 | AF91: 5 | AG91: 2 | AH91: 3 | AJ91: 2 | AK91: Kroatien | AL91: 7 | AM91: 5 | AN91: 1 | AO91: 4
A92: 3 | B92: Ägypten | C92: 3 | D92: 2 | E92: 4 | F92: -2 | H92: 3 | I92: Saudi-Arabien | J92: 3 | K92: 1 | L92: 3 | M92: -2 | O92: 3 | P92: Senegal | Q92: 4 | R92: 2 | S92: 3 | T92: -1 | V92: 3 | W92: Algerien | X92: 4 | Y92: 3 | Z92: 4 | AA92: -1 | AC92: 3 | AD92: Usbekistan | AE92: 3 | AF92: 1 | AG92: 5 | AH92: -4 | AJ92: 3 | AK92: Panama | AL92: 1 | AM92: 1 | AN92: 5 | AO92: -4
A93: 4 | B93: Neuseeland | C93: 0 | D93: 0 | E93: 6 | F93: -6 | H93: 4 | I93: Kap Verde | J93: 0 | K93: 0 | L93: 5 | M93: -5 | O93: 4 | P93: Irak | Q93: 0 | R93: 0 | S93: 4 | T93: -4 | V93: 4 | W93: Jordanien | X93: 0 | Y93: 1 | Z93: 7 | AA93: -6 | AC93: 4 | AD93: DR Kongo | AE93: 0 | AF93: 0 | AG93: 5 | AH93: -5 | AJ93: 4 | AK93: Ghana | AL93: 1 | AM93: 1 | AN93: 6 | AO93: -5
U95: Drittplatzierte
R97: Land | U97: Punkte | V97: Tore | W97: Gegentore | X97: Tordifferenz
R98: =B92 -> Ägypten | U98: =C92 -> 3 | V98: =D92 -> 2 | W98: =E92 -> 4 | X98: =F92 -> -2
R99: =I92 -> Saudi-Arabien | U99: =J92 -> 3 | V99: =K92 -> 1 | W99: =L92 -> 3 | X99: =M92 -> -2
R100: =P92 -> Senegal | U100: =Q92 -> 4 | V100: =R92 -> 2 | W100: =S92 -> 3 | X100: =T92 -> -1
R101: =W92 -> Algerien | U101: =X92 -> 4 | V101: =Y92 -> 3 | W101: =Z92 -> 4 | X101: =AA92 -> -1
R102: =AD92 -> Usbekistan | U102: =AE92 -> 3 | V102: =AF92 -> 1 | W102: =AG92 -> 5 | X102: =AH92 -> -4
R103: =AK92 -> Panama | U103: =AL92 -> 1 | V103: =AM92 -> 1 | W103: =AN92 -> 5 | X103: =AO92 -> -4
R104: =B45 -> Tschechien | U104: =C45 -> 5 | V104: =D45 -> 3 | W104: =E45 -> 2 | X104: =F45 -> 1
R105: =I45 -> Bosnien-Herz. | U105: =J45 -> 1 | V105: =K45 -> 1 | W105: =L45 -> 4 | X105: =M45 -> -3
R106: =P45 -> Schottland | U106: =Q45 -> 4 | V106: =R45 -> 3 | W106: =S45 -> 4 | X106: =T45 -> -1
R107: =W45 -> Australien | U107: =X45 -> 3 | V107: =Y45 -> 3 | W107: =Z45 -> 3 | X107: =AA45 -> 0
R108: =AD45 -> Elfenbeinküste | U108: =AE45 -> 3 | V108: =AF45 -> 2 | W108: =AG45 -> 3 | X108: =AH45 -> -1
R109: =AK45 -> Schweden | U109: =AL45 -> 1 | V109: =AM45 -> 3 | W109: =AN45 -> 5 | X109: =AO45 -> -2
Q112: 1 | R112: {=_xlfn.SORTBY(R98:R109,U98:U109,-1,X98:X109,-1,V98:V109,-1)} -> Tschechien | U112: {=_xlfn.SORTBY(U98:U109,U98:U109,-1,X98:X109,-1,V98:V109,-1)} -> 5 | V112: {=_xlfn.SORTBY(V98:V109,U98:U109,-1,X98:X109,-1,V98:V109,-1)} -> 3 | W112: {=_xlfn.SORTBY(W98:W109,U98:U109,-1,X98:X109,-1,V98:V109,-1)} -> 2 | X112: {=_xlfn.SORTBY(X98:X109,U98:U109,-1,X98:X109,-1,V98:V109,-1)} -> 1
Q113: 2 | R113: Algerien | U113: 4 | V113: 3 | W113: 4 | X113: -1
Q114: 3 | R114: Schottland | U114: 4 | V114: 3 | W114: 4 | X114: -1
Q115: 4 | R115: Senegal | U115: 4 | V115: 2 | W115: 3 | X115: -1
Q116: 5 | R116: Australien | U116: 3 | V116: 3 | W116: 3 | X116: 0
Q117: 6 | R117: Elfenbeinküste | U117: 3 | V117: 2 | W117: 3 | X117: -1
Q118: 7 | R118: Ägypten | U118: 3 | V118: 2 | W118: 4 | X118: -2
Q119: 8 | R119: Saudi-Arabien | U119: 3 | V119: 1 | W119: 3 | X119: -2
Q120: 9 | R120: Usbekistan | U120: 3 | V120: 1 | W120: 5 | X120: -4
Q121: 10 | R121: Schweden | U121: 1 | V121: 3 | W121: 5 | X121: -2
...

Sheet Mads
B1: Gruppe A | H1: Gruppe B | O1: Gruppe C | V1: Gruppe D | AC1: Gruppe E | AJ1: Gruppe F
B3: Runde 1 | I3: Runde 1 | P3: Runde 1 | W3: Runde 1 | AD3: Runde 1 | AK3: Runde 1
B4: Mexiko | C4: Südafrika | I4: Kanada | J4: Bosnien-Herz. | P4: Brasilien | Q4: Marokko | W4: USA | X4: Paraguay | AD4: Deutschland | AE4: Curacao | AK4: Niederlande | AL4: Japan
B5: 1 | C5: 3 | I5: 0 | J5: 2 | P5: 3 | Q5: 2 | W5: 0 | X5: 2 | AD5: 5 | AE5: 0 | AK5: 3 | AL5: 0
B6: =IF(B5=C5,"Unentschieden",IF(B5>C5,B4,C4)) -> Südafrika | I6: =IF(I5=J5,"Unentschieden",IF(I5>J5,I4,J4)) -> Bosnien-Herz. | P6: =IF(P5=Q5,"Unentschieden",IF(P5>Q5,P4,Q4)) -> Brasilien | W6: =IF(W5=X5,"Unentschieden",IF(W5>X5,W4,X4)) -> Paraguay | AD6: =IF(AD5=AE5,"Unentschieden",IF(AD5>AE5,AD4,AE4)) -> Deutschland | AK6: =IF(AK5=AL5,"Unentschieden",IF(AK5>AL5,AK4,AL4)) -> Niederlande
B7: =IF(B5=C5,1,IF(B5>C5,3,0)) -> 0 | C7: =IF(C5=B5,1,IF(C5>B5,3,0)) -> 3 | I7: =IF(I5=J5,1,IF(I5>J5,3,0)) -> 0 | J7: =IF(J5=I5,1,IF(J5>I5,3,0)) -> 3 | P7: =IF(P5=Q5,1,IF(P5>Q5,3,0)) -> 3 | Q7: =IF(Q5=P5,1,IF(Q5>P5,3,0)) -> 0 | W7: =IF(W5=X5,1,IF(W5>X5,3,0)) -> 0 | X7: =IF(X5=W5,1,IF(X5>W5,3,0)) -> 3 | AD7: =IF(AD5=AE5,1,IF(AD5>AE5,3,0)) -> 3 | AE7: =IF(AE5=AD5,1,IF(AE5>AD5,3,0)) -> 0 | AK7: =IF(AK5=AL5,1,IF(AK5>AL5,3,0)) -> 3 | AL7: =IF(AL5=AK5,1,IF(AL5>AK5,3,0)) -> 0
B9: Südkorea | C9: Tschechien | I9: Katar | J9: Schweiz | P9: Haiti | Q9: Schottland | W9: Australien | X9: Türkei | AD9: Elfenbeinküste | AE9: Ecuador | AK9: Schweden | AL9: Tunesien
B10: 0 | C10: 2 | I10: 0 | J10: 4 | P10: 0 | Q10: 2 | W10: 0 | X10: 3 | AD10: 3 | AE10: 1 | AK10: 3 | AL10: 1
B11: =IF(B10=C10,"Unentschieden",IF(B10>C10,B9,C9)) -> Tschechien | I11: =IF(I10=J10,"Unentschieden",IF(I10>J10,I9,J9)) -> Schweiz | P11: =IF(P10=Q10,"Unentschieden",IF(P10>Q10,P9,Q9)) -> Schottland | W11: =IF(W10=X10,"Unentschieden",IF(W10>X10,W9,X9)) -> Türkei | AD11: =IF(AD10=AE10,"Unentschieden",IF(AD10>AE10,AD9,AE9)) -> Elfenbeinküste | AK11: =IF(AK10=AL10,"Unentschieden",IF(AK10>AL10,AK9,AL9)) -> Schweden
B12: =IF(B10=C10,1,IF(B10>C10,3,0)) -> 0 | C12: =IF(C10=B10,1,IF(C10>B10,3,0)) -> 3 | I12: =IF(I10=J10,1,IF(I10>J10,3,0)) -> 0 | J12: =IF(J10=I10,1,IF(J10>I10,3,0)) -> 3 | P12: =IF(P10=Q10,1,IF(P10>Q10,3,0)) -> 0 | Q12: =IF(Q10=P10,1,IF(Q10>P10,3,0)) -> 3 | W12: =IF(W10=X10,1,IF(W10>X10,3,0)) -> 0 | X12: =IF(X10=W10,1,IF(X10>W10,3,0)) -> 3 | AD12: =IF(AD10=AE10,1,IF(AD10>AE10,3,0)) -> 3 | AE12: =IF(AE10=AD10,1,IF(AE10>AD10,3,0)) -> 0 | AK12: =IF(AK10=AL10,1,IF(AK10>AL10,3,0)) -> 3 | AL12: =IF(AL10=AK10,1,IF(AL10>AK10,3,0)) -> 0
B14: Runde 2 | I14: Runde 2 | P14: Runde 2 | W14: Runde 2 | AD14: Runde 2 | AK14: Runde 2
B15: Tschechien | C15: Südafrika | I15: Schweiz | J15: Bosnien-Herz. | P15: Schottland | Q15: Marokko | W15: Türkei | X15: Paraguay | AD15: Ecuador | AE15: Curacao | AK15: Tunesien | AL15: Japan
B16: 1 | C16: 2 | I16: 2 | J16: 1 | P16: 1 | Q16: 2 | W16: 2 | X16: 1 | AD16: 2 | AE16: 1 | AK16: 0 | AL16: 2
B17: =IF(B16=C16,"Unentschieden",IF(B16>C16,B15,C15)) -> Südafrika | I17: =IF(I16=J16,"Unentschieden",IF(I16>J16,I15,J15)) -> Schweiz | P17: =IF(P16=Q16,"Unentschieden",IF(P16>Q16,P15,Q15)) -> Marokko | W17: =IF(W16=X16,"Unentschieden",IF(W16>X16,W15,X15)) -> Türkei | AD17: =IF(AD16=AE16,"Unentschieden",IF(AD16>AE16,AD15,AE15)) -> Ecuador | AK17: =IF(AK16=AL16,"Unentschieden",IF(AK16>AL16,AK15,AL15)) -> Japan
B18: =IF(B16=C16,1,IF(B16>C16,3,0)) -> 0 | C18: =IF(C16=B16,1,IF(C16>B16,3,0)) -> 3 | I18: =IF(I16=J16,1,IF(I16>J16,3,0)) -> 3 | J18: =IF(J16=I16,1,IF(J16>I16,3,0)) -> 0 | P18: =IF(P16=Q16,1,IF(P16>Q16,3,0)) -> 0 | Q18: =IF(Q16=P16,1,IF(Q16>P16,3,0)) -> 3 | W18: =IF(W16=X16,1,IF(W16>X16,3,0)) -> 3 | X18: =IF(X16=W16,1,IF(X16>W16,3,0)) -> 0 | AD18: =IF(AD16=AE16,1,IF(AD16>AE16,3,0)) -> 3 | AE18: =IF(AE16=AD16,1,IF(AE16>AD16,3,0)) -> 0 | AK18: =IF(AK16=AL16,1,IF(AK16>AL16,3,0)) -> 0 | AL18: =IF(AL16=AK16,1,IF(AL16>AK16,3,0)) -> 3
B20: Mexiko | C20: Südkorea | I20: Kanada | J20: Katar | P20: Brasilien | Q20: Haiti | W20: USA | X20: Australien | AD20: Deutschland | AE20: Elfenbeinküste | AK20: Niederlande | AL20: Schweden
B21: 2 | C21: 0 | I21: 1 | J21: 0 | P21: 3 | Q21: 0 | W21: 0 | X21: 2 | AD21: 3 | AE21: 1 | AK21: 3 | AL21: 1
B22: =IF(B21=C21,"Unentschieden",IF(B21>C21,B20,C20)) -> Mexiko | I22: =IF(I21=J21,"Unentschieden",IF(I21>J21,I20,J20)) -> Kanada | P22: =IF(P21=Q21,"Unentschieden",IF(P21>Q21,P20,Q20)) -> Brasilien | W22: =IF(W21=X21,"Unentschieden",IF(W21>X21,W20,X20)) -> Australien | AD22: =IF(AD21=AE21,"Unentschieden",IF(AD21>AE21,AD20,AE20)) -> Deutschland | AK22: =IF(AK21=AL21,"Unentschieden",IF(AK21>AL21,AK20,AL20)) -> Niederlande
B23: =IF(B21=C21,1,IF(B21>C21,3,0)) -> 3 | C23: =IF(C21=B21,1,IF(C21>B21,3,0)) -> 0 | I23: =IF(I21=J21,1,IF(I21>J21,3,0)) -> 3 | J23: =IF(J21=I21,1,IF(J21>I21,3,0)) -> 0 | P23: =IF(P21=Q21,1,IF(P21>Q21,3,0)) -> 3 | Q23: =IF(Q21=P21,1,IF(Q21>P21,3,0)) -> 0 | W23: =IF(W21=X21,1,IF(W21>X21,3,0)) -> 0 | X23: =IF(X21=W21,1,IF(X21>W21,3,0)) -> 3 | AD23: =IF(AD21=AE21,1,IF(AD21>AE21,3,0)) -> 3 | AE23: =IF(AE21=AD21,1,IF(AE21>AD21,3,0)) -> 0 | AK23: =IF(AK21=AL21,1,IF(AK21>AL21,3,0)) -> 3 | AL23: =IF(AL21=AK21,1,IF(AL21>AK21,3,0)) -> 0
B25: Runde 3 | I25: Runde 3 | P25: Runde 3 | W25: Runde 3 | AD25: Runde 3 | AK25: Runde 3
B26: Südafrika | C26: Südkorea | I26: Bosnien-Herz. | J26: Katar | P26: Marokko | Q26: Haiti | W26: Paraguay | X26: Australien | AD26: Curacao | AE26: Elfenbeinküste | AK26: Japan | AL26: Schweden
B27: 3 | C27: 1 | I27: 3 | J27: 0 | P27: 2 | Q27: 0 | W27: 1 | X27: 0 | AD27: 0 | AE27: 3 | AK27: 2 | AL27: 0
B28: =IF(B27=C27,"Unentschieden",IF(B27>C27,B26,C26)) -> Südafrika | I28: =IF(I27=J27,"Unentschieden",IF(I27>J27,I26,J26)) -> Bosnien-Herz. | P28: =IF(P27=Q27,"Unentschieden",IF(P27>Q27,P26,Q26)) -> Marokko | W28: =IF(W27=X27,"Unentschieden",IF(W27>X27,W26,X26)) -> Paraguay | AD28: =IF(AD27=AE27,"Unentschieden",IF(AD27>AE27,AD26,AE26)) -> Elfenbeinküste | AK28: =IF(AK27=AL27,"Unentschieden",IF(AK27>AL27,AK26,AL26)) -> Japan
B29: =IF(B27=C27,1,IF(B27>C27,3,0)) -> 3 | C29: =IF(C27=B27,1,IF(C27>B27,3,0)) -> 0 | I29: =IF(I27=J27,1,IF(I27>J27,3,0)) -> 3 | J29: =IF(J27=I27,1,IF(J27>I27,3,0)) -> 0 | P29: =IF(P27=Q27,1,IF(P27>Q27,3,0)) -> 3 | Q29: =IF(Q27=P27,1,IF(Q27>P27,3,0)) -> 0 | W29: =IF(W27=X27,1,IF(W27>X27,3,0)) -> 3 | X29: =IF(X27=W27,1,IF(X27>W27,3,0)) -> 0 | AD29: =IF(AD27=AE27,1,IF(AD27>AE27,3,0)) -> 0 | AE29: =IF(AE27=AD27,1,IF(AE27>AD27,3,0)) -> 3 | AK29: =IF(AK27=AL27,1,IF(AK27>AL27,3,0)) -> 3 | AL29: =IF(AL27=AK27,1,IF(AL27>AK27,3,0)) -> 0
B31: Tschechien | C31: Mexiko | I31: Schweiz | J31: Kanada | P31: Schottland | Q31: Brasilien | W31: Türkei | X31: USA | AD31: Ecuador | AE31: Deutschland | AK31: Tunesien | AL31: Niederlande
B32: 1 | C32: 2 | I32: 3 | J32: 0 | P32: 1 | Q32: 2 | W32: 4 | X32: 0 | AD32: 0 | AE32: 4 | AK32: 0 | AL32: 4
B33: =IF(B32=C32,"Unentschieden",IF(B32>C32,B31,C31)) -> Mexiko | I33: =IF(I32=J32,"Unentschieden",IF(I32>J32,I31,J31)) -> Schweiz | P33: =IF(P32=Q32,"Unentschieden",IF(P32>Q32,P31,Q31)) -> Brasilien | W33: =IF(W32=X32,"Unentschieden",IF(W32>X32,W31,X31)) -> Türkei | AD33: =IF(AD32=AE32,"Unentschieden",IF(AD32>AE32,AD31,AE31)) -> Deutschland | AK33: =IF(AK32=AL32,"Unentschieden",IF(AK32>AL32,AK31,AL31)) -> Niederlande
B34: =IF(B32=C32,1,IF(B32>C32,3,0)) -> 0 | C34: =IF(C32=B32,1,IF(C32>B32,3,0)) -> 3 | I34: =IF(I32=J32,1,IF(I32>J32,3,0)) -> 3 | J34: =IF(J32=I32,1,IF(J32>I32,3,0)) -> 0 | P34: =IF(P32=Q32,1,IF(P32>Q32,3,0)) -> 0 | Q34: =IF(Q32=P32,1,IF(Q32>P32,3,0)) -> 3 | W34: =IF(W32=X32,1,IF(W32>X32,3,0)) -> 3 | X34: =IF(X32=W32,1,IF(X32>W32,3,0)) -> 0 | AD34: =IF(AD32=AE32,1,IF(AD32>AE32,3,0)) -> 0 | AE34: =IF(AE32=AD32,1,IF(AE32>AD32,3,0)) -> 3 | AK34: =IF(AK32=AL32,1,IF(AK32>AL32,3,0)) -> 0 | AL34: =IF(AL32=AK32,1,IF(AL32>AK32,3,0)) -> 3
B36: Land | C36: Punkte | D36: T | E36: GT | F36: TD | I36: Land | J36: Punkte | K36: T | L36: GT | M36: TD | P36: Land | Q36: Punkte | R36: T | S36: GT | T36: TD | W36: Land | X36: Punkte | Y36: T | Z36: GT | AA36: TD | AD36: Land | AE36: Punkte | AF36: T | AG36: GT | AH36: TD | AK36: Land | AL36: Punkte | AM36: T | AN36: GT | AO36: TD
B37: Mexiko | C37: =B7+B23+C34 -> 6 | D37: =B5+B21+C32 -> 5 | E37: =C5+C21+B32 -> 4 | F37: =D37-E37 -> 1 | I37: Kanada | J37: =I7+I23+J34 -> 3 | K37: =I5+I21+J32 -> 1 | L37: =J5+J21+I32 -> 5 | M37: =K37-L37 -> -4 | P37: Brasilien | Q37: =P7+P23+Q34 -> 9 | R37: =P5+P21+Q32 -> 8 | S37: =Q5+Q21+P32 -> 3 | T37: =R37-S37 -> 5 | W37: USA | X37: =W7+W23+X34 -> 0 | Y37: =W5+W21+X32 -> 0 | Z37: =X5+X21+W32 -> 8 | AA37: =Y37-Z37 -> -8 | AD37: Deutschland | AE37: =AD7+AD23+AE34 -> 9 | AF37: =AD5+AD21+AE32 -> 12 | AG37: =AE5+AE21+AD32 -> 1 | AH37: =AF37-AG37 -> 11 | AK37: Niederlande | AL37: =AK7+AK23+AL34 -> 9 | AM37: =AK5+AK21+AL32 -> 10 | AN37: =AL5+AL21+AK32 -> 1 | AO37: =AM37-AN37 -> 9
B38: Südafrika | C38: =C7+C18+B29 -> 9 | D38: =C5+C16+B27 -> 8 | E38: =B5+B16+C27 -> 3 | F38: =D38-E38 -> 5 | I38: Bosnien-Herz. | J38: =J7+J18+I29 -> 6 | K38: =J5+J16+I27 -> 6 | L38: =I5+I16+J27 -> 2 | M38: =K38-L38 -> 4 | P38: Marokko | Q38: =Q7+Q18+P29 -> 6 | R38: =Q5+Q16+P27 -> 6 | S38: =P5+P16+Q27 -> 4 | T38: =R38-S38 -> 2 | W38: Paraguay | X38: =X7+X18+W29 -> 6 | Y38: =X5+X16+W27 -> 4 | Z38: =W5+W16+X27 -> 2 | AA38: =Y38-Z38 -> 2 | AD38: Curacao | AE38: =AE7+AE18+AD29 -> 0 | AF38: =AE5+AE16+AD27 -> 1 | AG38: =AD5+AD16+AE27 -> 10 | AH38: =AF38-AG38 -> -9 | AK38: Japan | AL38: =AL7+AL18+AK29 -> 6 | AM38: =AL5+AL16+AK27 -> 4 | AN38: =AK5+AK16+AL27 -> 3 | AO38: =AM38-AN38 -> 1
B39: Südkorea | C39: =B12+C23+C29 -> 0 | D39: =B10+C21+C27 -> 1 | E39: =C10+B21+B27 -> 7 | F39: =D39-E39 -> -6 | I39: Katar | J39: =I12+J23+J29 -> 0 | K39: =I10+J21+J27 -> 0 | L39: =J10+I21+I27 -> 8 | M39: =K39-L39 -> -8 | P39: Haiti | Q39: =P12+Q23+Q29 -> 0 | R39: =P10+Q21+Q27 -> 0 | S39: =Q10+P21+P27 -> 7 | T39: =R39-S39 -> -7 | W39: Australien | X39: =W12+X23+X29 -> 3 | Y39: =W10+X21+X27 -> 2 | Z39: =X10+W21+W27 -> 4 | AA39: =Y39-Z39 -> -2 | AD39: Elfenbeinküste | AE39: =AD12+AE23+AE29 -> 6 | AF39: =AD10+AE21+AE27 -> 7 | AG39: =AE10+AD21+AD27 -> 4 | AH39: =AF39-AG39 -> 3 | AK39: Schweden | AL39: =AK12+AL23+AL29 -> 3 | AM39: =AK10+AL21+AL27 -> 4 | AN39: =AL10+AK21+AK27 -> 6 | AO39: =AM39-AN39 -> -2
B40: Tschechien | C40: =C12+B18+B34 -> 3 | D40: =C10+B16+B32 -> 4 | E40: =B10+C16+C32 -> 4 | F40: =D40-E40 -> 0 | I40: Schweiz | J40: =J12+I18+I34 -> 9 | K40: =J10+I16+I32 -> 9 | L40: =I10+J16+J32 -> 1 | M40: =K40-L40 -> 8 | P40: Schottland | Q40: =Q12+P18+P34 -> 3 | R40: =Q10+P16+P32 -> 4 | S40: =P10+Q16+Q32 -> 4 | T40: =R40-S40 -> 0 | W40: Türkei | X40: =X12+W18+W34 -> 9 | Y40: =X10+W16+W32 -> 9 | Z40: =W10+X16+X32 -> 1 | AA40: =Y40-Z40 -> 8 | AD40: Ecuador | AE40: =AE12+AD18+AD34 -> 3 | AF40: =AE10+AD16+AD32 -> 3 | AG40: =AD10+AE16+AE32 -> 8 | AH40: =AF40-AG40 -> -5 | AK40: Tunesien | AL40: =AL12+AK18+AK34 -> 0 | AM40: =AL10+AK16+AK32 -> 1 | AN40: =AK10+AL16+AL32 -> 9 | AO40: =AM40-AN40 -> -8
B42: Rangliste: | I42: Rangliste: | P42: Rangliste: | W42: Rangliste: | AD42: Rangliste: | AK42: Rangliste:
A43: 1 | B43: {=_xlfn.SORTBY(B37:B40,C37:C40,-1,F37:F40,-1,D37:D40,-1)} -> Südafrika | C43: {=_xlfn.SORTBY(C37:C40,C37:C40,-1,F37:F40,-1,D37:D40,-1)} -> 9 | D43: {=_xlfn.SORTBY(D37:D40,C37:C40,-1,F37:F40,-1,D37:D40,-1)} -> 8 | E43: {=_xlfn.SORTBY(E37:E40,C37:C40,-1,F37:F40,-1,D37:D40,-1)} -> 3 | F43: {=_xlfn.SORTBY(F37:F40,C37:C40,-1,F37:F40,-1,D37:D40,-1)} -> 5 | H43: 1 | I43: {=_xlfn.SORTBY(I37:I40,J37:J40,-1,M37:M40,-1,K37:K40,-1)} -> Schweiz | J43: {=_xlfn.SORTBY(J37:J40,J37:J40,-1,M37:M40,-1,K37:K40,-1)} -> 9 | K43: {=_xlfn.SORTBY(K37:K40,J37:J40,-1,M37:M40,-1,K37:K40,-1)} -> 9 | L43: {=_xlfn.SORTBY(L37:L40,J37:J40,-1,M37:M40,-1,K37:K40,-1)} -> 1 | M43: {=_xlfn.SORTBY(M37:M40,J37:J40,-1,M37:M40,-1,K37:K40,-1)} -> 8 | O43: 1 | P43: {=_xlfn.SORTBY(P37:P40,Q37:Q40,-1,T37:T40,-1,R37:R40,-1)} -> Brasilien | Q43: {=_xlfn.SORTBY(Q37:Q40,Q37:Q40,-1,T37:T40,-1,R37:R40,-1)} -> 9 | R43: {=_xlfn.SORTBY(R37:R40,Q37:Q40,-1,T37:T40,-1,R37:R40,-1)} -> 8 | S43: {=_xlfn.SORTBY(S37:S40,Q37:Q40,-1,T37:T40,-1,R37:R40,-1)} -> 3 | T43: {=_xlfn.SORTBY(T37:T40,Q37:Q40,-1,T37:T40,-1,R37:R40,-1)} -> 5 | V43: 1 | W43: {=_xlfn.SORTBY(W37:W40,X37:X40,-1,AA37:AA40,-1,Y37:Y40,-1)} -> Türkei | X43: {=_xlfn.SORTBY(X37:X40,X37:X40,-1,AA37:AA40,-1,Y37:Y40,-1)} -> 9 | Y43: {=_xlfn.SORTBY(Y37:Y40,X37:X40,-1,AA37:AA40,-1,Y37:Y40,-1)} -> 9 | Z43: {=_xlfn.SORTBY(Z37:Z40,X37:X40,-1,AA37:AA40,-1,Y37:Y40,-1)} -> 1 | AA43: {=_xlfn.SORTBY(AA37:AA40,X37:X40,-1,AA37:AA40,-1,Y37:Y40,-1)} -> 8 | AC43: 1 | AD43: {=_xlfn.SORTBY(AD37:AD40,AE37:AE40,-1,AH37:AH40,-1,AF37:AF40,-1)} -> Deutschland | AE43: {=_xlfn.SORTBY(AE37:AE40,AE37:AE40,-1,AH37:AH40,-1,AF37:AF40,-1)} -> 9 | AF43: {=_xlfn.SORTBY(AF37:AF40,AE37:AE40,-1,AH37:AH40,-1,AF37:AF40,-1)} -> 12 | AG43: {=_xlfn.SORTBY(AG37:AG40,AE37:AE40,-1,AH37:AH40,-1,AF37:AF40,-1)} -> 1 | AH43: {=_xlfn.SORTBY(AH37:AH40,AE37:AE40,-1,AH37:AH40,-1,AF37:AF40,-1)} -> 11 | AJ43: 1 | AK43: {=_xlfn.SORTBY(AK37:AK40,AL37:AL40,-1,AO37:AO40,-1,AM37:AM40,-1)} -> Niederlande | AL43: {=_xlfn.SORTBY(AL37:AL40,AL37:AL40,-1,AO37:AO40,-1,AM37:AM40,-1)} -> 9 | AM43: {=_xlfn.SORTBY(AM37:AM40,AL37:AL40,-1,AO37:AO40,-1,AM37:AM40,-1)} -> 10 | AN43: {=_xlfn.SORTBY(AN37:AN40,AL37:AL40,-1,AO37:AO40,-1,AM37:AM40,-1)} -> 1 | AO43: {=_xlfn.SORTBY(AO37:AO40,AL37:AL40,-1,AO37:AO40,-1,AM37:AM40,-1)} -> 9
A44: 2 | B44: Mexiko | C44: 6 | D44: 5 | E44: 4 | F44: 1 | H44: 2 | I44: Bosnien-Herz. | J44: 6 | K44: 6 | L44: 2 | M44: 4 | O44: 2 | P44: Marokko | Q44: 6 | R44: 6 | S44: 4 | T44: 2 | V44: 2 | W44: Paraguay | X44: 6 | Y44: 4 | Z44: 2 | AA44: 2 | AC44: 2 | AD44: Elfenbeinküste | AE44: 6 | AF44: 7 | AG44: 4 | AH44: 3 | AJ44: 2 | AK44: Japan | AL44: 6 | AM44: 4 | AN44: 3 | AO44: 1
A45: 3 | B45: Tschechien | C45: 3 | D45: 4 | E45: 4 | F45: 0 | H45: 3 | I45: Kanada | J45: 3 | K45: 1 | L45: 5 | M45: -4 | O45: 3 | P45: Schottland | Q45: 3 | R45: 4 | S45: 4 | T45: 0 | V45: 3 | W45: Australien | X45: 3 | Y45: 2 | Z45: 4 | AA45: -2 | AC45: 3 | AD45: Ecuador | AE45: 3 | AF45: 3 | AG45: 8 | AH45: -5 | AJ45: 3 | AK45: Schweden | AL45: 3 | AM45: 4 | AN45: 6 | AO45: -2
A46: 4 | B46: Südkorea | C46: 0 | D46: 1 | E46: 7 | F46: -6 | H46: 4 | I46: Katar | J46: 0 | K46: 0 | L46: 8 | M46: -8 | O46: 4 | P46: Haiti | Q46: 0 | R46: 0 | S46: 7 | T46: -7 | V46: 4 | W46: USA | X46: 0 | Y46: 0 | Z46: 8 | AA46: -8 | AC46: 4 | AD46: Curacao | AE46: 0 | AF46: 1 | AG46: 10 | AH46: -9 | AJ46: 4 | AK46: Tunesien | AL46: 0 | AM46: 1 | AN46: 9 | AO46: -8
A48: Gruppe G | H48: Gruppe H | O48: Gruppe I | V48: Gruppe J | AC48: Gruppe K | AJ48: Gruppe L
B50: Runde 1 | I50: Runde 1 | P50: Runde 1 | W50: Runde 1 | AD50: Runde 1 | AK50: Runde 1
B51: Belgien | C51: Ägypten | I51: Spanien | J51: Kap Verde | P51: Frankreich | Q51: Senegal | W51: Argentinien | X51: Algerien | AD51: Portugal | AE51: DR Kongo | AK51: England | AL51: Kroatien
B52: 2 | C52: 1 | I52: 5 | J52: 0 | P52: 4 | Q52: 1 | W52: 3 | X52: 0 | AD52: 3 | AE52: 1 | AK52: 2 | AL52: 1
B53: =IF(B52=C52,"Unentschieden",IF(B52>C52,B51,C51)) -> Belgien | I53: =IF(I52=J52,"Unentschieden",IF(I52>J52,I51,J51)) -> Spanien | P53: =IF(P52=Q52,"Unentschieden",IF(P52>Q52,P51,Q51)) -> Frankreich | W53: =IF(W52=X52,"Unentschieden",IF(W52>X52,W51,X51)) -> Argentinien | AD53: =IF(AD52=AE52,"Unentschieden",IF(AD52>AE52,AD51,AE51)) -> Portugal | AK53: =IF(AK52=AL52,"Unentschieden",IF(AK52>AL52,AK51,AL51)) -> England
B54: =IF(B52=C52,1,IF(B52>C52,3,0)) -> 3 | C54: =IF(C52=B52,1,IF(C52>B52,3,0)) -> 0 | I54: =IF(I52=J52,1,IF(I52>J52,3,0)) -> 3 | J54: =IF(J52=I52,1,IF(J52>I52,3,0)) -> 0 | P54: =IF(P52=Q52,1,IF(P52>Q52,3,0)) -> 3 | Q54: =IF(Q52=P52,1,IF(Q52>P52,3,0)) -> 0 | W54: =IF(W52=X52,1,IF(W52>X52,3,0)) -> 3 | X54: =IF(X52=W52,1,IF(X52>W52,3,0)) -> 0 | AD54: =IF(AD52=AE52,1,IF(AD52>AE52,3,0)) -> 3 | AE54: =IF(AE52=AD52,1,IF(AE52>AD52,3,0)) -> 0 | AK54: =IF(AK52=AL52,1,IF(AK52>AL52,3,0)) -> 3 | AL54: =IF(AL52=AK52,1,IF(AL52>AK52,3,0)) -> 0
B56: Iran | C56: Neuseeland | I56: Saudi-Arabien | J56: Uruguay | P56: Irak | Q56: Norwegen | W56: Österreich | X56: Jordanien | AD56: Usbekistan | AE56: Kolumbien | AK56: Ghana | AL56: Panama
B57: 0 | C57: 2 | I57: 0 | J57: 3 | P57: 0 | Q57: 3 | W57: 3 | X57: 0 | AD57: 0 | AE57: 3 | AK57: 2 | AL57: 0
B58: =IF(B57=C57,"Unentschieden",IF(B57>C57,B56,C56)) -> Neuseeland | I58: =IF(I57=J57,"Unentschieden",IF(I57>J57,I56,J56)) -> Uruguay | P58: =IF(P57=Q57,"Unentschieden",IF(P57>Q57,P56,Q56)) -> Norwegen | W58: =IF(W57=X57,"Unentschieden",IF(W57>X57,W56,X56)) -> Österreich | AD58: =IF(AD57=AE57,"Unentschieden",IF(AD57>AE57,AD56,AE56)) -> Kolumbien | AK58: =IF(AK57=AL57,"Unentschieden",IF(AK57>AL57,AK56,AL56)) -> Ghana
B59: =IF(B57=C57,1,IF(B57>C57,3,0)) -> 0 | C59: =IF(C57=B57,1,IF(C57>B57,3,0)) -> 3 | I59: =IF(I57=J57,1,IF(I57>J57,3,0)) -> 0 | J59: =IF(J57=I57,1,IF(J57>I57,3,0)) -> 3 | P59: =IF(P57=Q57,1,IF(P57>Q57,3,0)) -> 0 | Q59: =IF(Q57=P57,1,IF(Q57>P57,3,0)) -> 3 | W59: =IF(W57=X57,1,IF(W57>X57,3,0)) -> 3 | X59: =IF(X57=W57,1,IF(X57>W57,3,0)) -> 0 | AD59: =IF(AD57=AE57,1,IF(AD57>AE57,3,0)) -> 0 | AE59: =IF(AE57=AD57,1,IF(AE57>AD57,3,0)) -> 3 | AK59: =IF(AK57=AL57,1,IF(AK57>AL57,3,0)) -> 3 | AL59: =IF(AL57=AK57,1,IF(AL57>AK57,3,0)) -> 0
B61: Runde 2 | I61: Runde 2 | P61: Runde 2 | W61: Runde 2 | AD61: Runde 2 | AK61: Runde 2
B62: Belgien | C62: Iran | I62: Spanien | J62: Saudi-Arabien | P62: Frankreich | Q62: Irak | W62: Argentinien | X62: Österreich | AD62: Portugal | AE62: Usbekistan | AK62: England | AL62: Ghana
B63: 4 | C63: 0 | I63: 6 | J63: 0 | P63: 5 | Q63: 0 | W63: 1 | X63: 3 | AD63: 3 | AE63: 0 | AK63: 3 | AL63: 1
B64: =IF(B63=C63,"Unentschieden",IF(B63>C63,B62,C62)) -> Belgien | I64: =IF(I63=J63,"Unentschieden",IF(I63>J63,I62,J62)) -> Spanien | P64: =IF(P63=Q63,"Unentschieden",IF(P63>Q63,P62,Q62)) -> Frankreich | W64: =IF(W63=X63,"Unentschieden",IF(W63>X63,W62,X62)) -> Österreich | AD64: =IF(AD63=AE63,"Unentschieden",IF(AD63>AE63,AD62,AE62)) -> Portugal | AK64: =IF(AK63=AL63,"Unentschieden",IF(AK63>AL63,AK62,AL62)) -> England
B65: =IF(B63=C63,1,IF(B63>C63,3,0)) -> 3 | C65: =IF(C63=B63,1,IF(C63>B63,3,0)) -> 0 | I65: =IF(I63=J63,1,IF(I63>J63,3,0)) -> 3 | J65: =IF(J63=I63,1,IF(J63>I63,3,0)) -> 0 | P65: =IF(P63=Q63,1,IF(P63>Q63,3,0)) -> 3 | Q65: =IF(Q63=P63,1,IF(Q63>P63,3,0)) -> 0 | W65: =IF(W63=X63,1,IF(W63>X63,3,0)) -> 0 | X65: =IF(X63=W63,1,IF(X63>W63,3,0)) -> 3 | AD65: =IF(AD63=AE63,1,IF(AD63>AE63,3,0)) -> 3 | AE65: =IF(AE63=AD63,1,IF(AE63>AD63,3,0)) -> 0 | AK65: =IF(AK63=AL63,1,IF(AK63>AL63,3,0)) -> 3 | AL65: =IF(AL63=AK63,1,IF(AL63>AK63,3,0)) -> 0
B67: Neuseeland | C67: Ägypten | I67: Uruguay | J67: Kap Verde | P67: Norwegen | Q67: Senegal | W67: Jordanien | X67: Algerien | AD67: Kolumbien | AE67: DR Kongo | AK67: Panama | AL67: Kroatien
B68: 2 | C68: 0 | I68: 2 | J68: 0 | P68: 2 | Q68: 1 | W68: 1 | X68: 0 | AD68: 2 | AE68: 1 | AK68: 0 | AL68: 3
B69: =IF(B68=C68,"Unentschieden",IF(B68>C68,B67,C67)) -> Neuseeland | I69: =IF(I68=J68,"Unentschieden",IF(I68>J68,I67,J67)) -> Uruguay | P69: =IF(P68=Q68,"Unentschieden",IF(P68>Q68,P67,Q67)) -> Norwegen | W69: =IF(W68=X68,"Unentschieden",IF(W68>X68,W67,X67)) -> Jordanien | AD69: =IF(AD68=AE68,"Unentschieden",IF(AD68>AE68,AD67,AE67)) -> Kolumbien | AK69: =IF(AK68=AL68,"Unentschieden",IF(AK68>AL68,AK67,AL67)) -> Kroatien
B70: =IF(B68=C68,1,IF(B68>C68,3,0)) -> 3 | C70: =IF(C68=B68,1,IF(C68>B68,3,0)) -> 0 | I70: =IF(I68=J68,1,IF(I68>J68,3,0)) -> 3 | J70: =IF(J68=I68,1,IF(J68>I68,3,0)) -> 0 | P70: =IF(P68=Q68,1,IF(P68>Q68,3,0)) -> 3 | Q70: =IF(Q68=P68,1,IF(Q68>P68,3,0)) -> 0 | W70: =IF(W68=X68,1,IF(W68>X68,3,0)) -> 3 | X70: =IF(X68=W68,1,IF(X68>W68,3,0)) -> 0 | AD70: =IF(AD68=AE68,1,IF(AD68>AE68,3,0)) -> 3 | AE70: =IF(AE68=AD68,1,IF(AE68>AD68,3,0)) -> 0 | AK70: =IF(AK68=AL68,1,IF(AK68>AL68,3,0)) -> 0 | AL70: =IF(AL68=AK68,1,IF(AL68>AK68,3,0)) -> 3
B72: Runde 3 | I72: Runde 3 | P72: Runde 3 | W72: Runde 3 | AD72: Runde 3 | AK72: Runde 3
B73: Neuseeland | C73: Belgien | I73: Uruguay | J73: Spanien | P73: Norwegen | Q73: Frankreich | W73: Jordanien | X73: Argentinien | AD73: Kolumbien | AE73: Portugal | AK73: Panama | AL73: England
B74: 0 | C74: 2 | I74: 1 | J74: 3 | P74: 1 | Q74: 3 | W74: 0 | X74: 5 | AD74: 1 | AE74: 3 | AK74: 0 | AL74: 3
B75: =IF(B74=C74,"Unentschieden",IF(B74>C74,B73,C73)) -> Belgien | I75: =IF(I74=J74,"Unentschieden",IF(I74>J74,I73,J73)) -> Spanien | P75: =IF(P74=Q74,"Unentschieden",IF(P74>Q74,P73,Q73)) -> Frankreich | W75: =IF(W74=X74,"Unentschieden",IF(W74>X74,W73,X73)) -> Argentinien | AD75: =IF(AD74=AE74,"Unentschieden",IF(AD74>AE74,AD73,AE73)) -> Portugal | AK75: =IF(AK74=AL74,"Unentschieden",IF(AK74>AL74,AK73,AL73)) -> England
B76: =IF(B74=C74,1,IF(B74>C74,3,0)) -> 0 | C76: =IF(C74=B74,1,IF(C74>B74,3,0)) -> 3 | I76: =IF(I74=J74,1,IF(I74>J74,3,0)) -> 0 | J76: =IF(J74=I74,1,IF(J74>I74,3,0)) -> 3 | P76: =IF(P74=Q74,1,IF(P74>Q74,3,0)) -> 0 | Q76: =IF(Q74=P74,1,IF(Q74>P74,3,0)) -> 3 | W76: =IF(W74=X74,1,IF(W74>X74,3,0)) -> 0 | X76: =IF(X74=W74,1,IF(X74>W74,3,0)) -> 3 | AD76: =IF(AD74=AE74,1,IF(AD74>AE74,3,0)) -> 0 | AE76: =IF(AE74=AD74,1,IF(AE74>AD74,3,0)) -> 3 | AK76: =IF(AK74=AL74,1,IF(AK74>AL74,3,0)) -> 0 | AL76: =IF(AL74=AK74,1,IF(AL74>AK74,3,0)) -> 3
B78: Ägypten | C78: Iran | I78: Kap Verde | J78: Saudi-Arabien | P78: Senegal | Q78: Irak | W78: Algerien | X78: Österreich | AD78: DR Kongo | AE78: Usbekistan | AK78: Kroatien | AL78: Ghana
B79: 3 | C79: 0 | I79: 1 | J79: 1 | P79: 3 | Q79: 0 | W79: 1 | X79: 3 | AD79: 3 | AE79: 0 | AK79: 3 | AL79: 1
B80: =IF(B79=C79,"Unentschieden",IF(B79>C79,B78,C78)) -> Ägypten | I80: =IF(I79=J79,"Unentschieden",IF(I79>J79,I78,J78)) -> Unentschieden | P80: =IF(P79=Q79,"Unentschieden",IF(P79>Q79,P78,Q78)) -> Senegal | W80: =IF(W79=X79,"Unentschieden",IF(W79>X79,W78,X78)) -> Österreich | AD80: =IF(AD79=AE79,"Unentschieden",IF(AD79>AE79,AD78,AE78)) -> DR Kongo | AK80: =IF(AK79=AL79,"Unentschieden",IF(AK79>AL79,AK78,AL78)) -> Kroatien
B81: =IF(B79=C79,1,IF(B79>C79,3,0)) -> 3 | C81: =IF(C79=B79,1,IF(C79>B79,3,0)) -> 0 | I81: =IF(I79=J79,1,IF(I79>J79,3,0)) -> 1 | J81: =IF(J79=I79,1,IF(J79>I79,3,0)) -> 1 | P81: =IF(P79=Q79,1,IF(P79>Q79,3,0)) -> 3 | Q81: =IF(Q79=P79,1,IF(Q79>P79,3,0)) -> 0 | W81: =IF(W79=X79,1,IF(W79>X79,3,0)) -> 0 | X81: =IF(X79=W79,1,IF(X79>W79,3,0)) -> 3 | AD81: =IF(AD79=AE79,1,IF(AD79>AE79,3,0)) -> 3 | AE81: =IF(AE79=AD79,1,IF(AE79>AD79,3,0)) -> 0 | AK81: =IF(AK79=AL79,1,IF(AK79>AL79,3,0)) -> 3 | AL81: =IF(AL79=AK79,1,IF(AL79>AK79,3,0)) -> 0
B83: Land | C83: Punkte | D83: T | E83: GT | F83: TD | I83: Land | J83: Punkte | K83: T | L83: GT | M83: TD | P83: Land | Q83: Punkte | R83: T | S83: GT | T83: TD | W83: Land | X83: Punkte | Y83: T | Z83: GT | AA83: TD | AD83: Land | AE83: Punkte | AF83: T | AG83: GT | AH83: TD | AK83: Land | AL83: Punkte | AM83: T | AN83: GT | AO83: TD
B84: Belgien | C84: =B54+B65+C76 -> 9 | D84: =B52+B63+C74 -> 8 | E84: =C52+C63+B74 -> 1 | F84: =D84-E84 -> 7 | I84: Spanien | J84: =I54+I65+J76 -> 9 | K84: =I52+I63+J74 -> 14 | L84: =J52+J63+I74 -> 1 | M84: =K84-L84 -> 13 | P84: Frankreich | Q84: =P54+P65+Q76 -> 9 | R84: =P52+P63+Q74 -> 12 | S84: =Q52+Q63+P74 -> 2 | T84: =R84-S84 -> 10 | W84: Argentinien | X84: =W54+W65+X76 -> 6 | Y84: =W52+W63+X74 -> 9 | Z84: =X52+X63+W74 -> 3 | AA84: =Y84-Z84 -> 6 | AD84: Portugal | AE84: =AD54+AD65+AE76 -> 9 | AF84: =AD52+AD63+AE74 -> 9 | AG84: =AE52+AE63+AD74 -> 2 | AH84: =AF84-AG84 -> 7 | AK84: England | AL84: =AK54+AK65+AL76 -> 9 | AM84: =AK52+AK63+AL74 -> 8 | AN84: =AL52+AL63+AK74 -> 2 | AO84: =AM84-AN84 -> 6
B85: Ägypten | C85: =C54+C70+B81 -> 3 | D85: =C52+C68+B79 -> 4 | E85: =B52+B68+C79 -> 4 | F85: =D85-E85 -> 0 | I85: Kap Verde | J85: =J54+J70+I81 -> 1 | K85: =J52+J68+I79 -> 1 | L85: =I52+I68+J79 -> 8 | M85: =K85-L85 -> -7 | P85: Senegal | Q85: =Q54+Q70+P81 -> 3 | R85: =Q52+Q68+P79 -> 5 | S85: =P52+P68+Q79 -> 6 | T85: =R85-S85 -> -1 | W85: Algerien | X85: =X54+X70+W81 -> 0 | Y85: =X52+X68+W79 -> 1 | Z85: =W52+W68+X79 -> 7 | AA85: =Y85-Z85 -> -6 | AD85: DR Kongo | AE85: =AE54+AE70+AD81 -> 3 | AF85: =AE52+AE68+AD79 -> 5 | AG85: =AD52+AD68+AE79 -> 5 | AH85: =AF85-AG85 -> 0 | AK85: Kroatien | AL85: =AL54+AL70+AK81 -> 6 | AM85: =AL52+AL68+AK79 -> 7 | AN85: =AK52+AK68+AL79 -> 3 | AO85: =AM85-AN85 -> 4
B86: Iran | C86: =B59+C65+C81 -> 0 | D86: =B57+C63+C79 -> 0 | E86: =C57+B63+B79 -> 9 | F86: =D86-E86 -> -9 | I86: Saudi-Arabien | J86: =I59+J65+J81 -> 1 | K86: =I57+J63+J79 -> 1 | L86: =J57+I63+I79 -> 10 | M86: =K86-L86 -> -9 | P86: Irak | Q86: =P59+Q65+Q81 -> 0 | R86: =P57+Q63+Q79 -> 0 | S86: =Q57+P63+P79 -> 11 | T86: =R86-S86 -> -11 | W86: Österreich | X86: =W59+X65+X81 -> 9 | Y86: =W57+X63+X79 -> 9 | Z86: =X57+W63+W79 -> 2 | AA86: =Y86-Z86 -> 7 | AD86: Usbekistan | AE86: =AD59+AE65+AE81 -> 0 | AF86: =AD57+AE63+AE79 -> 0 | AG86: =AE57+AD63+AD79 -> 9 | AH86: =AF86-AG86 -> -9 | AK86: Ghana | AL86: =AK59+AL65+AL81 -> 3 | AM86: =AK57+AL63+AL79 -> 4 | AN86: =AL57+AK63+AK79 -> 6 | AO86: =AM86-AN86 -> -2
B87: Neuseeland | C87: =C59+B70+B76 -> 6 | D87: =C57+B68+B74 -> 4 | E87: =B57+C68+C74 -> 2 | F87: =D87-E87 -> 2 | I87: Uruguay | J87: =J59+I70+I76 -> 6 | K87: =J57+I68+I74 -> 6 | L87: =I57+J68+J74 -> 3 | M87: =K87-L87 -> 3 | P87: Norwegen | Q87: =Q59+P70+P76 -> 6 | R87: =Q57+P68+P74 -> 6 | S87: =P57+Q68+Q74 -> 4 | T87: =R87-S87 -> 2 | W87: Jordanien | X87: =X59+W70+W76 -> 3 | Y87: =X57+W68+W74 -> 1 | Z87: =W57+X68+X74 -> 8 | AA87: =Y87-Z87 -> -7 | AD87: Kolumbien | AE87: =AE59+AD70+AD76 -> 6 | AF87: =AE57+AD68+AD74 -> 6 | AG87: =AD57+AE68+AE74 -> 4 | AH87: =AF87-AG87 -> 2 | AK87: Panama | AL87: =AL59+AK70+AK76 -> 0 | AM87: =AL57+AK68+AK74 -> 0 | AN87: =AK57+AL68+AL74 -> 8 | AO87: =AM87-AN87 -> -8
B89: Rangliste: | I89: Rangliste: | P89: Rangliste: | W89: Rangliste: | AD89: Rangliste: | AK89: Rangliste:
A90: 1 | B90: {=_xlfn.SORTBY(B84:B87,C84:C87,-1,F84:F87,-1,D84:D87,-1)} -> Belgien | C90: {=_xlfn.SORTBY(C84:C87,C84:C87,-1,F84:F87,-1,D84:D87,-1)} -> 9 | D90: {=_xlfn.SORTBY(D84:D87,C84:C87,-1,F84:F87,-1,D84:D87,-1)} -> 8 | E90: {=_xlfn.SORTBY(E84:E87,C84:C87,-1,F84:F87,-1,D84:D87,-1)} -> 1 | F90: {=_xlfn.SORTBY(F84:F87,C84:C87,-1,F84:F87,-1,D84:D87,-1)} -> 7 | H90: 1 | I90: {=_xlfn.SORTBY(I84:I87,J84:J87,-1,M84:M87,-1,K84:K87,-1)} -> Spanien | J90: {=_xlfn.SORTBY(J84:J87,J84:J87,-1,M84:M87,-1,K84:K87,-1)} -> 9 | K90: {=_xlfn.SORTBY(K84:K87,J84:J87,-1,M84:M87,-1,K84:K87,-1)} -> 14 | L90: {=_xlfn.SORTBY(L84:L87,J84:J87,-1,M84:M87,-1,K84:K87,-1)} -> 1 | M90: {=_xlfn.SORTBY(M84:M87,J84:J87,-1,M84:M87,-1,K84:K87,-1)} -> 13 | O90: 1 | P90: {=_xlfn.SORTBY(P84:P87,Q84:Q87,-1,T84:T87,-1,R84:R87,-1)} -> Frankreich | Q90: {=_xlfn.SORTBY(Q84:Q87,Q84:Q87,-1,T84:T87,-1,R84:R87,-1)} -> 9 | R90: {=_xlfn.SORTBY(R84:R87,Q84:Q87,-1,T84:T87,-1,R84:R87,-1)} -> 12 | S90: {=_xlfn.SORTBY(S84:S87,Q84:Q87,-1,T84:T87,-1,R84:R87,-1)} -> 2 | T90: {=_xlfn.SORTBY(T84:T87,Q84:Q87,-1,T84:T87,-1,R84:R87,-1)} -> 10 | V90: 1 | W90: {=_xlfn.SORTBY(W84:W87,X84:X87,-1,AA84:AA87,-1,Y84:Y87,-1)} -> Österreich | X90: {=_xlfn.SORTBY(X84:X87,X84:X87,-1,AA84:AA87,-1,Y84:Y87,-1)} -> 9 | Y90: {=_xlfn.SORTBY(Y84:Y87,X84:X87,-1,AA84:AA87,-1,Y84:Y87,-1)} -> 9 | Z90: {=_xlfn.SORTBY(Z84:Z87,X84:X87,-1,AA84:AA87,-1,Y84:Y87,-1)} -> 2 | AA90: {=_xlfn.SORTBY(AA84:AA87,X84:X87,-1,AA84:AA87,-1,Y84:Y87,-1)} -> 7 | AC90: 1 | AD90: {=_xlfn.SORTBY(AD84:AD87,AE84:AE87,-1,AH84:AH87,-1,AF84:AF87,-1)} -> Portugal | AE90: {=_xlfn.SORTBY(AE84:AE87,AE84:AE87,-1,AH84:AH87,-1,AF84:AF87,-1)} -> 9 | AF90: {=_xlfn.SORTBY(AF84:AF87,AE84:AE87,-1,AH84:AH87,-1,AF84:AF87,-1)} -> 9 | AG90: {=_xlfn.SORTBY(AG84:AG87,AE84:AE87,-1,AH84:AH87,-1,AF84:AF87,-1)} -> 2 | AH90: {=_xlfn.SORTBY(AH84:AH87,AE84:AE87,-1,AH84:AH87,-1,AF84:AF87,-1)} -> 7 | AJ90: 1 | AK90: {=_xlfn.SORTBY(AK84:AK87,AL84:AL87,-1,AO84:AO87,-1,AM84:AM87,-1)} -> England | AL90: {=_xlfn.SORTBY(AL84:AL87,AL84:AL87,-1,AO84:AO87,-1,AM84:AM87,-1)} -> 9 | AM90: {=_xlfn.SORTBY(AM84:AM87,AL84:AL87,-1,AO84:AO87,-1,AM84:AM87,-1)} -> 8 | AN90: {=_xlfn.SORTBY(AN84:AN87,AL84:AL87,-1,AO84:AO87,-1,AM84:AM87,-1)} -> 2 | AO90: {=_xlfn.SORTBY(AO84:AO87,AL84:AL87,-1,AO84:AO87,-1,AM84:AM87,-1)} -> 6
A91: 2 | B91: Neuseeland | C91: 6 | D91: 4 | E91: 2 | F91: 2 | H91: 2 | I91: Uruguay | J91: 6 | K91: 6 | L91: 3 | M91: 3 | O91: 2 | P91: Norwegen | Q91: 6 | R91: 6 | S91: 4 | T91: 2 | V91: 2 | W91: Argentinien | X91: 6 | Y91: 9 | Z91: 3 | AA91: 6 | AC91: 2 | AD91: Kolumbien | AE91: 6 | AF91: 6 | AG91: 4 | AH91: 2 | AJ91: 2 | AK91: Kroatien | AL91: 6 | AM91: 7 | AN91: 3 | AO91: 4
A92: 3 | B92: Ägypten | C92: 3 | D92: 4 | E92: 4 | F92: 0 | H92: 3 | I92: Kap Verde | J92: 1 | K92: 1 | L92: 8 | M92: -7 | O92: 3 | P92: Senegal | Q92: 3 | R92: 5 | S92: 6 | T92: -1 | V92: 3 | W92: Jordanien | X92: 3 | Y92: 1 | Z92: 8 | AA92: -7 | AC92: 3 | AD92: DR Kongo | AE92: 3 | AF92: 5 | AG92: 5 | AH92: 0 | AJ92: 3 | AK92: Ghana | AL92: 3 | AM92: 4 | AN92: 6 | AO92: -2
A93: 4 | B93: Iran | C93: 0 | D93: 0 | E93: 9 | F93: -9 | H93: 4 | I93: Saudi-Arabien | J93: 1 | K93: 1 | L93: 10 | M93: -9 | O93: 4 | P93: Irak | Q93: 0 | R93: 0 | S93: 11 | T93: -11 | V93: 4 | W93: Algerien | X93: 0 | Y93: 1 | Z93: 7 | AA93: -6 | AC93: 4 | AD93: Usbekistan | AE93: 0 | AF93: 0 | AG93: 9 | AH93: -9 | AJ93: 4 | AK93: Panama | AL93: 0 | AM93: 0 | AN93: 8 | AO93: -8
U95: Drittplatzierte
R97: Land | U97: Punkte | V97: Tore | W97: Gegentore | X97: Tordifferenz
R98: =B92 -> Ägypten | U98: =C92 -> 3 | V98: =D92 -> 4 | W98: =E92 -> 4 | X98: =F92 -> 0
R99: =I92 -> Kap Verde | U99: =J92 -> 1 | V99: =K92 -> 1 | W99: =L92 -> 8 | X99: =M92 -> -7
R100: =P92 -> Senegal | U100: =Q92 -> 3 | V100: =R92 -> 5 | W100: =S92 -> 6 | X100: =T92 -> -1
R101: =W92 -> Jordanien | U101: =X92 -> 3 | V101: =Y92 -> 1 | W101: =Z92 -> 8 | X101: =AA92 -> -7
R102: =AD92 -> DR Kongo | U102: =AE92 -> 3 | V102: =AF92 -> 5 | W102: =AG92 -> 5 | X102: =AH92 -> 0
R103: =AK92 -> Ghana | U103: =AL92 -> 3 | V103: =AM92 -> 4 | W103: =AN92 -> 6 | X103: =AO92 -> -2
R104: =B45 -> Tschechien | U104: =C45 -> 3 | V104: =D45 -> 4 | W104: =E45 -> 4 | X104: =F45 -> 0
R105: =I45 -> Kanada | U105: =J45 -> 3 | V105: =K45 -> 1 | W105: =L45 -> 5 | X105: =M45 -> -4
R106: =P45 -> Schottland | U106: =Q45 -> 3 | V106: =R45 -> 4 | W106: =S45 -> 4 | X106: =T45 -> 0
R107: =W45 -> Australien | U107: =X45 -> 3 | V107: =Y45 -> 2 | W107: =Z45 -> 4 | X107: =AA45 -> -2
R108: =AD45 -> Ecuador | U108: =AE45 -> 3 | V108: =AF45 -> 3 | W108: =AG45 -> 8 | X108: =AH45 -> -5
R109: =AK45 -> Schweden | U109: =AL45 -> 3 | V109: =AM45 -> 4 | W109: =AN45 -> 6 | X109: =AO45 -> -2
Q112: 1 | R112: {=_xlfn.SORTBY(R98:R109,U98:U109,-1,X98:X109,-1,V98:V109,-1)} -> DR Kongo | U112: {=_xlfn.SORTBY(U98:U109,U98:U109,-1,X98:X109,-1,V98:V109,-1)} -> 3 | V112: {=_xlfn.SORTBY(V98:V109,U98:U109,-1,X98:X109,-1,V98:V109,-1)} -> 5 | W112: {=_xlfn.SORTBY(W98:W109,U98:U109,-1,X98:X109,-1,V98:V109,-1)} -> 5 | X112: {=_xlfn.SORTBY(X98:X109,U98:U109,-1,X98:X109,-1,V98:V109,-1)} -> 0
Q113: 2 | R113: Ägypten | U113: 3 | V113: 4 | W113: 4 | X113: 0
Q114: 3 | R114: Tschechien | U114: 3 | V114: 4 | W114: 4 | X114: 0
Q115: 4 | R115: Schottland | U115: 3 | V115: 4 | W115: 4 | X115: 0
Q116: 5 | R116: Senegal | U116: 3 | V116: 5 | W116: 6 | X116: -1
Q117: 6 | R117: Ghana | U117: 3 | V117: 4 | W117: 6 | X117: -2
Q118: 7 | R118: Schweden | U118: 3 | V118: 4 | W118: 6 | X118: -2
Q119: 8 | R119: Australien | U119: 3 | V119: 2 | W119: 4 | X119: -2
Q120: 9 | R120: Kanada | U120: 3 | V120: 1 | W120: 5 | X120: -4
Q121: 10 | R121: Ecuador | U121: 3 | V121: 3 | W121: 8 | X121: -5
...

Sheet Julius
B1: Gruppe A | H1: Gruppe B | O1: Gruppe C | V1: Gruppe D | AC1: Gruppe E | AJ1: Gruppe F
B3: Runde 1 | I3: Runde 1 | P3: Runde 1 | W3: Runde 1 | AD3: Runde 1 | AK3: Runde 1
B4: Mexiko | C4: Südafrika | I4: Kanada | J4: Bosnien-Herz. | P4: Brasilien | Q4: Marokko | W4: USA | X4: Paraguay | AD4: Deutschland | AE4: Curacao | AK4: Niederlande | AL4: Japan
B5: 2 | C5: 1 | I5: 1 | J5: 2 | P5: 2 | Q5: 1 | W5: 1 | X5: 0 | AD5: 4 | AE5: 0 | AK5: 2 | AL5: 2
B6: =IF(B5=C5,"Unentschieden",IF(B5>C5,B4,C4)) -> Mexiko | I6: =IF(I5=J5,"Unentschieden",IF(I5>J5,I4,J4)) -> Bosnien-Herz. | P6: =IF(P5=Q5,"Unentschieden",IF(P5>Q5,P4,Q4)) -> Brasilien | W6: =IF(W5=X5,"Unentschieden",IF(W5>X5,W4,X4)) -> USA | AD6: =IF(AD5=AE5,"Unentschieden",IF(AD5>AE5,AD4,AE4)) -> Deutschland | AK6: =IF(AK5=AL5,"Unentschieden",IF(AK5>AL5,AK4,AL4)) -> Unentschieden
B7: =IF(B5=C5,1,IF(B5>C5,3,0)) -> 3 | C7: =IF(C5=B5,1,IF(C5>B5,3,0)) -> 0 | I7: =IF(I5=J5,1,IF(I5>J5,3,0)) -> 0 | J7: =IF(J5=I5,1,IF(J5>I5,3,0)) -> 3 | P7: =IF(P5=Q5,1,IF(P5>Q5,3,0)) -> 3 | Q7: =IF(Q5=P5,1,IF(Q5>P5,3,0)) -> 0 | W7: =IF(W5=X5,1,IF(W5>X5,3,0)) -> 3 | X7: =IF(X5=W5,1,IF(X5>W5,3,0)) -> 0 | AD7: =IF(AD5=AE5,1,IF(AD5>AE5,3,0)) -> 3 | AE7: =IF(AE5=AD5,1,IF(AE5>AD5,3,0)) -> 0 | AK7: =IF(AK5=AL5,1,IF(AK5>AL5,3,0)) -> 1 | AL7: =IF(AL5=AK5,1,IF(AL5>AK5,3,0)) -> 1
B9: Südkorea | C9: Tschechien | I9: Katar | J9: Schweiz | P9: Haiti | Q9: Schottland | W9: Australien | X9: Türkei | AD9: Elfenbeinküste | AE9: Ecuador | AK9: Schweden | AL9: Tunesien
B10: 1 | C10: 0 | I10: 0 | J10: 2 | P10: 0 | Q10: 1 | W10: 1 | X10: 3 | AD10: 2 | AE10: 1 | AK10: 1 | AL10: 0
B11: =IF(B10=C10,"Unentschieden",IF(B10>C10,B9,C9)) -> Südkorea | I11: =IF(I10=J10,"Unentschieden",IF(I10>J10,I9,J9)) -> Schweiz | P11: =IF(P10=Q10,"Unentschieden",IF(P10>Q10,P9,Q9)) -> Schottland | W11: =IF(W10=X10,"Unentschieden",IF(W10>X10,W9,X9)) -> Türkei | AD11: =IF(AD10=AE10,"Unentschieden",IF(AD10>AE10,AD9,AE9)) -> Elfenbeinküste | AK11: =IF(AK10=AL10,"Unentschieden",IF(AK10>AL10,AK9,AL9)) -> Schweden
B12: =IF(B10=C10,1,IF(B10>C10,3,0)) -> 3 | C12: =IF(C10=B10,1,IF(C10>B10,3,0)) -> 0 | I12: =IF(I10=J10,1,IF(I10>J10,3,0)) -> 0 | J12: =IF(J10=I10,1,IF(J10>I10,3,0)) -> 3 | P12: =IF(P10=Q10,1,IF(P10>Q10,3,0)) -> 0 | Q12: =IF(Q10=P10,1,IF(Q10>P10,3,0)) -> 3 | W12: =IF(W10=X10,1,IF(W10>X10,3,0)) -> 0 | X12: =IF(X10=W10,1,IF(X10>W10,3,0)) -> 3 | AD12: =IF(AD10=AE10,1,IF(AD10>AE10,3,0)) -> 3 | AE12: =IF(AE10=AD10,1,IF(AE10>AD10,3,0)) -> 0 | AK12: =IF(AK10=AL10,1,IF(AK10>AL10,3,0)) -> 3 | AL12: =IF(AL10=AK10,1,IF(AL10>AK10,3,0)) -> 0
B14: Runde 2 | I14: Runde 2 | P14: Runde 2 | W14: Runde 2 | AD14: Runde 2 | AK14: Runde 2
B15: Tschechien | C15: Südafrika | I15: Schweiz | J15: Bosnien-Herz. | P15: Schottland | Q15: Marokko | W15: Türkei | X15: Paraguay | AD15: Ecuador | AE15: Curacao | AK15: Tunesien | AL15: Japan
B16: 1 | C16: 0 | I16: 2 | J16: 1 | P16: 0 | Q16: 1 | W16: 1 | X16: 0 | AD16: 1 | AE16: 0 | AK16: 0 | AL16: 1
B17: =IF(B16=C16,"Unentschieden",IF(B16>C16,B15,C15)) -> Tschechien | I17: =IF(I16=J16,"Unentschieden",IF(I16>J16,I15,J15)) -> Schweiz | P17: =IF(P16=Q16,"Unentschieden",IF(P16>Q16,P15,Q15)) -> Marokko | W17: =IF(W16=X16,"Unentschieden",IF(W16>X16,W15,X15)) -> Türkei | AD17: =IF(AD16=AE16,"Unentschieden",IF(AD16>AE16,AD15,AE15)) -> Ecuador | AK17: =IF(AK16=AL16,"Unentschieden",IF(AK16>AL16,AK15,AL15)) -> Japan
B18: =IF(B16=C16,1,IF(B16>C16,3,0)) -> 3 | C18: =IF(C16=B16,1,IF(C16>B16,3,0)) -> 0 | I18: =IF(I16=J16,1,IF(I16>J16,3,0)) -> 3 | J18: =IF(J16=I16,1,IF(J16>I16,3,0)) -> 0 | P18: =IF(P16=Q16,1,IF(P16>Q16,3,0)) -> 0 | Q18: =IF(Q16=P16,1,IF(Q16>P16,3,0)) -> 3 | W18: =IF(W16=X16,1,IF(W16>X16,3,0)) -> 3 | X18: =IF(X16=W16,1,IF(X16>W16,3,0)) -> 0 | AD18: =IF(AD16=AE16,1,IF(AD16>AE16,3,0)) -> 3 | AE18: =IF(AE16=AD16,1,IF(AE16>AD16,3,0)) -> 0 | AK18: =IF(AK16=AL16,1,IF(AK16>AL16,3,0)) -> 0 | AL18: =IF(AL16=AK16,1,IF(AL16>AK16,3,0)) -> 3
B20: Mexiko | C20: Südkorea | I20: Kanada | J20: Katar | P20: Brasilien | Q20: Haiti | W20: USA | X20: Australien | AD20: Deutschland | AE20: Elfenbeinküste | AK20: Niederlande | AL20: Schweden
B21: 1 | C21: 0 | I21: 0 | J21: 0 | P21: 3 | Q21: 0 | W21: 1 | X21: 1 | AD21: 3 | AE21: 1 | AK21: 2 | AL21: 1
B22: =IF(B21=C21,"Unentschieden",IF(B21>C21,B20,C20)) -> Mexiko | I22: =IF(I21=J21,"Unentschieden",IF(I21>J21,I20,J20)) -> Unentschieden | P22: =IF(P21=Q21,"Unentschieden",IF(P21>Q21,P20,Q20)) -> Brasilien | W22: =IF(W21=X21,"Unentschieden",IF(W21>X21,W20,X20)) -> Unentschieden | AD22: =IF(AD21=AE21,"Unentschieden",IF(AD21>AE21,AD20,AE20)) -> Deutschland | AK22: =IF(AK21=AL21,"Unentschieden",IF(AK21>AL21,AK20,AL20)) -> Niederlande
B23: =IF(B21=C21,1,IF(B21>C21,3,0)) -> 3 | C23: =IF(C21=B21,1,IF(C21>B21,3,0)) -> 0 | I23: =IF(I21=J21,1,IF(I21>J21,3,0)) -> 1 | J23: =IF(J21=I21,1,IF(J21>I21,3,0)) -> 1 | P23: =IF(P21=Q21,1,IF(P21>Q21,3,0)) -> 3 | Q23: =IF(Q21=P21,1,IF(Q21>P21,3,0)) -> 0 | W23: =IF(W21=X21,1,IF(W21>X21,3,0)) -> 1 | X23: =IF(X21=W21,1,IF(X21>W21,3,0)) -> 1 | AD23: =IF(AD21=AE21,1,IF(AD21>AE21,3,0)) -> 3 | AE23: =IF(AE21=AD21,1,IF(AE21>AD21,3,0)) -> 0 | AK23: =IF(AK21=AL21,1,IF(AK21>AL21,3,0)) -> 3 | AL23: =IF(AL21=AK21,1,IF(AL21>AK21,3,0)) -> 0
B25: Runde 3 | I25: Runde 3 | P25: Runde 3 | W25: Runde 3 | AD25: Runde 3 | AK25: Runde 3
B26: Südafrika | C26: Südkorea | I26: Bosnien-Herz. | J26: Katar | P26: Marokko | Q26: Haiti | W26: Paraguay | X26: Australien | AD26: Curacao | AE26: Elfenbeinküste | AK26: Japan | AL26: Schweden
B27: 0 | C27: 1 | I27: 1 | J27: 1 | P27: 2 | Q27: 0 | W27: 0 | X27: 1 | AD27: 0 | AE27: 1 | AK27: 2 | AL27: 1
B28: =IF(B27=C27,"Unentschieden",IF(B27>C27,B26,C26)) -> Südkorea | I28: =IF(I27=J27,"Unentschieden",IF(I27>J27,I26,J26)) -> Unentschieden | P28: =IF(P27=Q27,"Unentschieden",IF(P27>Q27,P26,Q26)) -> Marokko | W28: =IF(W27=X27,"Unentschieden",IF(W27>X27,W26,X26)) -> Australien | AD28: =IF(AD27=AE27,"Unentschieden",IF(AD27>AE27,AD26,AE26)) -> Elfenbeinküste | AK28: =IF(AK27=AL27,"Unentschieden",IF(AK27>AL27,AK26,AL26)) -> Japan
B29: =IF(B27=C27,1,IF(B27>C27,3,0)) -> 0 | C29: =IF(C27=B27,1,IF(C27>B27,3,0)) -> 3 | I29: =IF(I27=J27,1,IF(I27>J27,3,0)) -> 1 | J29: =IF(J27=I27,1,IF(J27>I27,3,0)) -> 1 | P29: =IF(P27=Q27,1,IF(P27>Q27,3,0)) -> 3 | Q29: =IF(Q27=P27,1,IF(Q27>P27,3,0)) -> 0 | W29: =IF(W27=X27,1,IF(W27>X27,3,0)) -> 0 | X29: =IF(X27=W27,1,IF(X27>W27,3,0)) -> 3 | AD29: =IF(AD27=AE27,1,IF(AD27>AE27,3,0)) -> 0 | AE29: =IF(AE27=AD27,1,IF(AE27>AD27,3,0)) -> 3 | AK29: =IF(AK27=AL27,1,IF(AK27>AL27,3,0)) -> 3 | AL29: =IF(AL27=AK27,1,IF(AL27>AK27,3,0)) -> 0
B31: Tschechien | C31: Mexiko | I31: Schweiz | J31: Kanada | P31: Schottland | Q31: Brasilien | W31: Türkei | X31: USA | AD31: Ecuador | AE31: Deutschland | AK31: Tunesien | AL31: Niederlande
B32: 1 | C32: 1 | I32: 2 | J32: 1 | P32: 0 | Q32: 4 | W32: 2 | X32: 2 | AD32: 0 | AE32: 2 | AK32: 0 | AL32: 1
B33: =IF(B32=C32,"Unentschieden",IF(B32>C32,B31,C31)) -> Unentschieden | I33: =IF(I32=J32,"Unentschieden",IF(I32>J32,I31,J31)) -> Schweiz | P33: =IF(P32=Q32,"Unentschieden",IF(P32>Q32,P31,Q31)) -> Brasilien | W33: =IF(W32=X32,"Unentschieden",IF(W32>X32,W31,X31)) -> Unentschieden | AD33: =IF(AD32=AE32,"Unentschieden",IF(AD32>AE32,AD31,AE31)) -> Deutschland | AK33: =IF(AK32=AL32,"Unentschieden",IF(AK32>AL32,AK31,AL31)) -> Niederlande
B34: =IF(B32=C32,1,IF(B32>C32,3,0)) -> 1 | C34: =IF(C32=B32,1,IF(C32>B32,3,0)) -> 1 | I34: =IF(I32=J32,1,IF(I32>J32,3,0)) -> 3 | J34: =IF(J32=I32,1,IF(J32>I32,3,0)) -> 0 | P34: =IF(P32=Q32,1,IF(P32>Q32,3,0)) -> 0 | Q34: =IF(Q32=P32,1,IF(Q32>P32,3,0)) -> 3 | W34: =IF(W32=X32,1,IF(W32>X32,3,0)) -> 1 | X34: =IF(X32=W32,1,IF(X32>W32,3,0)) -> 1 | AD34: =IF(AD32=AE32,1,IF(AD32>AE32,3,0)) -> 0 | AE34: =IF(AE32=AD32,1,IF(AE32>AD32,3,0)) -> 3 | AK34: =IF(AK32=AL32,1,IF(AK32>AL32,3,0)) -> 0 | AL34: =IF(AL32=AK32,1,IF(AL32>AK32,3,0)) -> 3
B36: Land | C36: Punkte | D36: T | E36: GT | F36: TD | I36: Land | J36: Punkte | K36: T | L36: GT | M36: TD | P36: Land | Q36: Punkte | R36: T | S36: GT | T36: TD | W36: Land | X36: Punkte | Y36: T | Z36: GT | AA36: TD | AD36: Land | AE36: Punkte | AF36: T | AG36: GT | AH36: TD | AK36: Land | AL36: Punkte | AM36: T | AN36: GT | AO36: TD
B37: Mexiko | C37: =B7+B23+C34 -> 7 | D37: =B5+B21+C32 -> 4 | E37: =C5+C21+B32 -> 2 | F37: =D37-E37 -> 2 | I37: Kanada | J37: =I7+I23+J34 -> 1 | K37: =I5+I21+J32 -> 2 | L37: =J5+J21+I32 -> 4 | M37: =K37-L37 -> -2 | P37: Brasilien | Q37: =P7+P23+Q34 -> 9 | R37: =P5+P21+Q32 -> 9 | S37: =Q5+Q21+P32 -> 1 | T37: =R37-S37 -> 8 | W37: USA | X37: =W7+W23+X34 -> 5 | Y37: =W5+W21+X32 -> 4 | Z37: =X5+X21+W32 -> 3 | AA37: =Y37-Z37 -> 1 | AD37: Deutschland | AE37: =AD7+AD23+AE34 -> 9 | AF37: =AD5+AD21+AE32 -> 9 | AG37: =AE5+AE21+AD32 -> 1 | AH37: =AF37-AG37 -> 8 | AK37: Niederlande | AL37: =AK7+AK23+AL34 -> 7 | AM37: =AK5+AK21+AL32 -> 5 | AN37: =AL5+AL21+AK32 -> 3 | AO37: =AM37-AN37 -> 2
B38: Südafrika | C38: =C7+C18+B29 -> 0 | D38: =C5+C16+B27 -> 1 | E38: =B5+B16+C27 -> 4 | F38: =D38-E38 -> -3 | I38: Bosnien-Herz. | J38: =J7+J18+I29 -> 4 | K38: =J5+J16+I27 -> 4 | L38: =I5+I16+J27 -> 4 | M38: =K38-L38 -> 0 | P38: Marokko | Q38: =Q7+Q18+P29 -> 6 | R38: =Q5+Q16+P27 -> 4 | S38: =P5+P16+Q27 -> 2 | T38: =R38-S38 -> 2 | W38: Paraguay | X38: =X7+X18+W29 -> 0 | Y38: =X5+X16+W27 -> 0 | Z38: =W5+W16+X27 -> 3 | AA38: =Y38-Z38 -> -3 | AD38: Curacao | AE38: =AE7+AE18+AD29 -> 0 | AF38: =AE5+AE16+AD27 -> 0 | AG38: =AD5+AD16+AE27 -> 6 | AH38: =AF38-AG38 -> -6 | AK38: Japan | AL38: =AL7+AL18+AK29 -> 7 | AM38: =AL5+AL16+AK27 -> 5 | AN38: =AK5+AK16+AL27 -> 3 | AO38: =AM38-AN38 -> 2
B39: Südkorea | C39: =B12+C23+C29 -> 6 | D39: =B10+C21+C27 -> 2 | E39: =C10+B21+B27 -> 1 | F39: =D39-E39 -> 1 | I39: Katar | J39: =I12+J23+J29 -> 2 | K39: =I10+J21+J27 -> 1 | L39: =J10+I21+I27 -> 3 | M39: =K39-L39 -> -2 | P39: Haiti | Q39: =P12+Q23+Q29 -> 0 | R39: =P10+Q21+Q27 -> 0 | S39: =Q10+P21+P27 -> 6 | T39: =R39-S39 -> -6 | W39: Australien | X39: =W12+X23+X29 -> 4 | Y39: =W10+X21+X27 -> 3 | Z39: =X10+W21+W27 -> 4 | AA39: =Y39-Z39 -> -1 | AD39: Elfenbeinküste | AE39: =AD12+AE23+AE29 -> 6 | AF39: =AD10+AE21+AE27 -> 4 | AG39: =AE10+AD21+AD27 -> 4 | AH39: =AF39-AG39 -> 0 | AK39: Schweden | AL39: =AK12+AL23+AL29 -> 3 | AM39: =AK10+AL21+AL27 -> 3 | AN39: =AL10+AK21+AK27 -> 4 | AO39: =AM39-AN39 -> -1
B40: Tschechien | C40: =C12+B18+B34 -> 4 | D40: =C10+B16+B32 -> 2 | E40: =B10+C16+C32 -> 2 | F40: =D40-E40 -> 0 | I40: Schweiz | J40: =J12+I18+I34 -> 9 | K40: =J10+I16+I32 -> 6 | L40: =I10+J16+J32 -> 2 | M40: =K40-L40 -> 4 | P40: Schottland | Q40: =Q12+P18+P34 -> 3 | R40: =Q10+P16+P32 -> 1 | S40: =P10+Q16+Q32 -> 5 | T40: =R40-S40 -> -4 | W40: Türkei | X40: =X12+W18+W34 -> 7 | Y40: =X10+W16+W32 -> 6 | Z40: =W10+X16+X32 -> 3 | AA40: =Y40-Z40 -> 3 | AD40: Ecuador | AE40: =AE12+AD18+AD34 -> 3 | AF40: =AE10+AD16+AD32 -> 2 | AG40: =AD10+AE16+AE32 -> 4 | AH40: =AF40-AG40 -> -2 | AK40: Tunesien | AL40: =AL12+AK18+AK34 -> 0 | AM40: =AL10+AK16+AK32 -> 0 | AN40: =AK10+AL16+AL32 -> 3 | AO40: =AM40-AN40 -> -3
B42: Rangliste: | I42: Rangliste: | P42: Rangliste: | W42: Rangliste: | AD42: Rangliste: | AK42: Rangliste:
A43: 1 | B43: {=_xlfn.SORTBY(B37:B40,C37:C40,-1,F37:F40,-1,D37:D40,-1)} -> Mexiko | C43: {=_xlfn.SORTBY(C37:C40,C37:C40,-1,F37:F40,-1,D37:D40,-1)} -> 7 | D43: {=_xlfn.SORTBY(D37:D40,C37:C40,-1,F37:F40,-1,D37:D40,-1)} -> 4 | E43: {=_xlfn.SORTBY(E37:E40,C37:C40,-1,F37:F40,-1,D37:D40,-1)} -> 2 | F43: {=_xlfn.SORTBY(F37:F40,C37:C40,-1,F37:F40,-1,D37:D40,-1)} -> 2 | H43: 1 | I43: {=_xlfn.SORTBY(I37:I40,J37:J40,-1,M37:M40,-1,K37:K40,-1)} -> Schweiz | J43: {=_xlfn.SORTBY(J37:J40,J37:J40,-1,M37:M40,-1,K37:K40,-1)} -> 9 | K43: {=_xlfn.SORTBY(K37:K40,J37:J40,-1,M37:M40,-1,K37:K40,-1)} -> 6 | L43: {=_xlfn.SORTBY(L37:L40,J37:J40,-1,M37:M40,-1,K37:K40,-1)} -> 2 | M43: {=_xlfn.SORTBY(M37:M40,J37:J40,-1,M37:M40,-1,K37:K40,-1)} -> 4 | O43: 1 | P43: {=_xlfn.SORTBY(P37:P40,Q37:Q40,-1,T37:T40,-1,R37:R40,-1)} -> Brasilien | Q43: {=_xlfn.SORTBY(Q37:Q40,Q37:Q40,-1,T37:T40,-1,R37:R40,-1)} -> 9 | R43: {=_xlfn.SORTBY(R37:R40,Q37:Q40,-1,T37:T40,-1,R37:R40,-1)} -> 9 | S43: {=_xlfn.SORTBY(S37:S40,Q37:Q40,-1,T37:T40,-1,R37:R40,-1)} -> 1 | T43: {=_xlfn.SORTBY(T37:T40,Q37:Q40,-1,T37:T40,-1,R37:R40,-1)} -> 8 | V43: 1 | W43: {=_xlfn.SORTBY(W37:W40,X37:X40,-1,AA37:AA40,-1,Y37:Y40,-1)} -> Türkei | X43: {=_xlfn.SORTBY(X37:X40,X37:X40,-1,AA37:AA40,-1,Y37:Y40,-1)} -> 7 | Y43: {=_xlfn.SORTBY(Y37:Y40,X37:X40,-1,AA37:AA40,-1,Y37:Y40,-1)} -> 6 | Z43: {=_xlfn.SORTBY(Z37:Z40,X37:X40,-1,AA37:AA40,-1,Y37:Y40,-1)} -> 3 | AA43: {=_xlfn.SORTBY(AA37:AA40,X37:X40,-1,AA37:AA40,-1,Y37:Y40,-1)} -> 3 | AC43: 1 | AD43: {=_xlfn.SORTBY(AD37:AD40,AE37:AE40,-1,AH37:AH40,-1,AF37:AF40,-1)} -> Deutschland | AE43: {=_xlfn.SORTBY(AE37:AE40,AE37:AE40,-1,AH37:AH40,-1,AF37:AF40,-1)} -> 9 | AF43: {=_xlfn.SORTBY(AF37:AF40,AE37:AE40,-1,AH37:AH40,-1,AF37:AF40,-1)} -> 9 | AG43: {=_xlfn.SORTBY(AG37:AG40,AE37:AE40,-1,AH37:AH40,-1,AF37:AF40,-1)} -> 1 | AH43: {=_xlfn.SORTBY(AH37:AH40,AE37:AE40,-1,AH37:AH40,-1,AF37:AF40,-1)} -> 8 | AJ43: 1 | AK43: {=_xlfn.SORTBY(AK37:AK40,AL37:AL40,-1,AO37:AO40,-1,AM37:AM40,-1)} -> Niederlande | AL43: {=_xlfn.SORTBY(AL37:AL40,AL37:AL40,-1,AO37:AO40,-1,AM37:AM40,-1)} -> 7 | AM43: {=_xlfn.SORTBY(AM37:AM40,AL37:AL40,-1,AO37:AO40,-1,AM37:AM40,-1)} -> 5 | AN43: {=_xlfn.SORTBY(AN37:AN40,AL37:AL40,-1,AO37:AO40,-1,AM37:AM40,-1)} -> 3 | AO43: {=_xlfn.SORTBY(AO37:AO40,AL37:AL40,-1,AO37:AO40,-1,AM37:AM40,-1)} -> 2
A44: 2 | B44: Südkorea | C44: 6 | D44: 2 | E44: 1 | F44: 1 | H44: 2 | I44: Bosnien-Herz. | J44: 4 | K44: 4 | L44: 4 | M44: 0 | O44: 2 | P44: Marokko | Q44: 6 | R44: 4 | S44: 2 | T44: 2 | V44: 2 | W44: USA | X44: 5 | Y44: 4 | Z44: 3 | AA44: 1 | AC44: 2 | AD44: Elfenbeinküste | AE44: 6 | AF44: 4 | AG44: 4 | AH44: 0 | AJ44: 2 | AK44: Japan | AL44: 7 | AM44: 5 | AN44: 3 | AO44: 2
A45: 3 | B45: Tschechien | C45: 4 | D45: 2 | E45: 2 | F45: 0 | H45: 3 | I45: Katar | J45: 2 | K45: 1 | L45: 3 | M45: -2 | O45: 3 | P45: Schottland | Q45: 3 | R45: 1 | S45: 5 | T45: -4 | V45: 3 | W45: Australien | X45: 4 | Y45: 3 | Z45: 4 | AA45: -1 | AC45: 3 | AD45: Ecuador | AE45: 3 | AF45: 2 | AG45: 4 | AH45: -2 | AJ45: 3 | AK45: Schweden | AL45: 3 | AM45: 3 | AN45: 4 | AO45: -1
A46: 4 | B46: Südafrika | C46: 0 | D46: 1 | E46: 4 | F46: -3 | H46: 4 | I46: Kanada | J46: 1 | K46: 2 | L46: 4 | M46: -2 | O46: 4 | P46: Haiti | Q46: 0 | R46: 0 | S46: 6 | T46: -6 | V46: 4 | W46: Paraguay | X46: 0 | Y46: 0 | Z46: 3 | AA46: -3 | AC46: 4 | AD46: Curacao | AE46: 0 | AF46: 0 | AG46: 6 | AH46: -6 | AJ46: 4 | AK46: Tunesien | AL46: 0 | AM46: 0 | AN46: 3 | AO46: -3
A48: Gruppe G | H48: Gruppe H | O48: Gruppe I | V48: Gruppe J | AC48: Gruppe K | AJ48: Gruppe L
B50: Runde 1 | I50: Runde 1 | P50: Runde 1 | W50: Runde 1 | AD50: Runde 1 | AK50: Runde 1
B51: Belgien | C51: Ägypten | I51: Spanien | J51: Kap Verde | P51: Frankreich | Q51: Senegal | W51: Argentinien | X51: Algerien | AD51: Portugal | AE51: DR Kongo | AK51: England | AL51: Kroatien
B52: 2 | C52: 1 | I52: 4 | J52: 0 | P52: 2 | Q52: 1 | W52: 3 | X52: 1 | AD52: 3 | AE52: 1 | AK52: 2 | AL52: 2
B53: =IF(B52=C52,"Unentschieden",IF(B52>C52,B51,C51)) -> Belgien | I53: =IF(I52=J52,"Unentschieden",IF(I52>J52,I51,J51)) -> Spanien | P53: =IF(P52=Q52,"Unentschieden",IF(P52>Q52,P51,Q51)) -> Frankreich | W53: =IF(W52=X52,"Unentschieden",IF(W52>X52,W51,X51)) -> Argentinien | AD53: =IF(AD52=AE52,"Unentschieden",IF(AD52>AE52,AD51,AE51)) -> Portugal | AK53: =IF(AK52=AL52,"Unentschieden",IF(AK52>AL52,AK51,AL51)) -> Unentschieden
B54: =IF(B52=C52,1,IF(B52>C52,3,0)) -> 3 | C54: =IF(C52=B52,1,IF(C52>B52,3,0)) -> 0 | I54: =IF(I52=J52,1,IF(I52>J52,3,0)) -> 3 | J54: =IF(J52=I52,1,IF(J52>I52,3,0)) -> 0 | P54: =IF(P52=Q52,1,IF(P52>Q52,3,0)) -> 3 | Q54: =IF(Q52=P52,1,IF(Q52>P52,3,0)) -> 0 | W54: =IF(W52=X52,1,IF(W52>X52,3,0)) -> 3 | X54: =IF(X52=W52,1,IF(X52>W52,3,0)) -> 0 | AD54: =IF(AD52=AE52,1,IF(AD52>AE52,3,0)) -> 3 | AE54: =IF(AE52=AD52,1,IF(AE52>AD52,3,0)) -> 0 | AK54: =IF(AK52=AL52,1,IF(AK52>AL52,3,0)) -> 1 | AL54: =IF(AL52=AK52,1,IF(AL52>AK52,3,0)) -> 1
B56: Iran | C56: Neuseeland | I56: Saudi-Arabien | J56: Uruguay | P56: Irak | Q56: Norwegen | W56: Österreich | X56: Jordanien | AD56: Usbekistan | AE56: Kolumbien | AK56: Ghana | AL56: Panama
B57: 0 | C57: 0 | I57: 1 | J57: 2 | P57: 0 | Q57: 2 | W57: 2 | X57: 0 | AD57: 0 | AE57: 2 | AK57: 2 | AL57: 1
B58: =IF(B57=C57,"Unentschieden",IF(B57>C57,B56,C56)) -> Unentschieden | I58: =IF(I57=J57,"Unentschieden",IF(I57>J57,I56,J56)) -> Uruguay | P58: =IF(P57=Q57,"Unentschieden",IF(P57>Q57,P56,Q56)) -> Norwegen | W58: =IF(W57=X57,"Unentschieden",IF(W57>X57,W56,X56)) -> Österreich | AD58: =IF(AD57=AE57,"Unentschieden",IF(AD57>AE57,AD56,AE56)) -> Kolumbien | AK58: =IF(AK57=AL57,"Unentschieden",IF(AK57>AL57,AK56,AL56)) -> Ghana
B59: =IF(B57=C57,1,IF(B57>C57,3,0)) -> 1 | C59: =IF(C57=B57,1,IF(C57>B57,3,0)) -> 1 | I59: =IF(I57=J57,1,IF(I57>J57,3,0)) -> 0 | J59: =IF(J57=I57,1,IF(J57>I57,3,0)) -> 3 | P59: =IF(P57=Q57,1,IF(P57>Q57,3,0)) -> 0 | Q59: =IF(Q57=P57,1,IF(Q57>P57,3,0)) -> 3 | W59: =IF(W57=X57,1,IF(W57>X57,3,0)) -> 3 | X59: =IF(X57=W57,1,IF(X57>W57,3,0)) -> 0 | AD59: =IF(AD57=AE57,1,IF(AD57>AE57,3,0)) -> 0 | AE59: =IF(AE57=AD57,1,IF(AE57>AD57,3,0)) -> 3 | AK59: =IF(AK57=AL57,1,IF(AK57>AL57,3,0)) -> 3 | AL59: =IF(AL57=AK57,1,IF(AL57>AK57,3,0)) -> 0
B61: Runde 2 | I61: Runde 2 | P61: Runde 2 | W61: Runde 2 | AD61: Runde 2 | AK61: Runde 2
B62: Belgien | C62: Iran | I62: Spanien | J62: Saudi-Arabien | P62: Frankreich | Q62: Irak | W62: Argentinien | X62: Österreich | AD62: Portugal | AE62: Usbekistan | AK62: England | AL62: Ghana
B63: 2 | C63: 0 | I63: 3 | J63: 1 | P63: 2 | Q63: 0 | W63: 2 | X63: 1 | AD63: 3 | AE63: 0 | AK63: 1 | AL63: 0
B64: =IF(B63=C63,"Unentschieden",IF(B63>C63,B62,C62)) -> Belgien | I64: =IF(I63=J63,"Unentschieden",IF(I63>J63,I62,J62)) -> Spanien | P64: =IF(P63=Q63,"Unentschieden",IF(P63>Q63,P62,Q62)) -> Frankreich | W64: =IF(W63=X63,"Unentschieden",IF(W63>X63,W62,X62)) -> Argentinien | AD64: =IF(AD63=AE63,"Unentschieden",IF(AD63>AE63,AD62,AE62)) -> Portugal | AK64: =IF(AK63=AL63,"Unentschieden",IF(AK63>AL63,AK62,AL62)) -> England
B65: =IF(B63=C63,1,IF(B63>C63,3,0)) -> 3 | C65: =IF(C63=B63,1,IF(C63>B63,3,0)) -> 0 | I65: =IF(I63=J63,1,IF(I63>J63,3,0)) -> 3 | J65: =IF(J63=I63,1,IF(J63>I63,3,0)) -> 0 | P65: =IF(P63=Q63,1,IF(P63>Q63,3,0)) -> 3 | Q65: =IF(Q63=P63,1,IF(Q63>P63,3,0)) -> 0 | W65: =IF(W63=X63,1,IF(W63>X63,3,0)) -> 3 | X65: =IF(X63=W63,1,IF(X63>W63,3,0)) -> 0 | AD65: =IF(AD63=AE63,1,IF(AD63>AE63,3,0)) -> 3 | AE65: =IF(AE63=AD63,1,IF(AE63>AD63,3,0)) -> 0 | AK65: =IF(AK63=AL63,1,IF(AK63>AL63,3,0)) -> 3 | AL65: =IF(AL63=AK63,1,IF(AL63>AK63,3,0)) -> 0
B67: Neuseeland | C67: Ägypten | I67: Uruguay | J67: Kap Verde | P67: Norwegen | Q67: Senegal | W67: Jordanien | X67: Algerien | AD67: Kolumbien | AE67: DR Kongo | AK67: Panama | AL67: Kroatien
B68: 1 | C68: 2 | I68: 1 | J68: 0 | P68: 2 | Q68: 1 | W68: 1 | X68: 2 | AD68: 2 | AE68: 1 | AK68: 1 | AL68: 2
B69: =IF(B68=C68,"Unentschieden",IF(B68>C68,B67,C67)) -> Ägypten | I69: =IF(I68=J68,"Unentschieden",IF(I68>J68,I67,J67)) -> Uruguay | P69: =IF(P68=Q68,"Unentschieden",IF(P68>Q68,P67,Q67)) -> Norwegen | W69: =IF(W68=X68,"Unentschieden",IF(W68>X68,W67,X67)) -> Algerien | AD69: =IF(AD68=AE68,"Unentschieden",IF(AD68>AE68,AD67,AE67)) -> Kolumbien | AK69: =IF(AK68=AL68,"Unentschieden",IF(AK68>AL68,AK67,AL67)) -> Kroatien
B70: =IF(B68=C68,1,IF(B68>C68,3,0)) -> 0 | C70: =IF(C68=B68,1,IF(C68>B68,3,0)) -> 3 | I70: =IF(I68=J68,1,IF(I68>J68,3,0)) -> 3 | J70: =IF(J68=I68,1,IF(J68>I68,3,0)) -> 0 | P70: =IF(P68=Q68,1,IF(P68>Q68,3,0)) -> 3 | Q70: =IF(Q68=P68,1,IF(Q68>P68,3,0)) -> 0 | W70: =IF(W68=X68,1,IF(W68>X68,3,0)) -> 0 | X70: =IF(X68=W68,1,IF(X68>W68,3,0)) -> 3 | AD70: =IF(AD68=AE68,1,IF(AD68>AE68,3,0)) -> 3 | AE70: =IF(AE68=AD68,1,IF(AE68>AD68,3,0)) -> 0 | AK70: =IF(AK68=AL68,1,IF(AK68>AL68,3,0)) -> 0 | AL70: =IF(AL68=AK68,1,IF(AL68>AK68,3,0)) -> 3
B72: Runde 3 | I72: Runde 3 | P72: Runde 3 | W72: Runde 3 | AD72: Runde 3 | AK72: Runde 3
B73: Neuseeland | C73: Belgien | I73: Uruguay | J73: Spanien | P73: Norwegen | Q73: Frankreich | W73: Jordanien | X73: Argentinien | AD73: Kolumbien | AE73: Portugal | AK73: Panama | AL73: England
B74: 0 | C74: 1 | I74: 1 | J74: 2 | P74: 1 | Q74: 2 | W74: 0 | X74: 4 | AD74: 1 | AE74: 2 | AK74: 0 | AL74: 2
B75: =IF(B74=C74,"Unentschieden",IF(B74>C74,B73,C73)) -> Belgien | I75: =IF(I74=J74,"Unentschieden",IF(I74>J74,I73,J73)) -> Spanien | P75: =IF(P74=Q74,"Unentschieden",IF(P74>Q74,P73,Q73)) -> Frankreich | W75: =IF(W74=X74,"Unentschieden",IF(W74>X74,W73,X73)) -> Argentinien | AD75: =IF(AD74=AE74,"Unentschieden",IF(AD74>AE74,AD73,AE73)) -> Portugal | AK75: =IF(AK74=AL74,"Unentschieden",IF(AK74>AL74,AK73,AL73)) -> England
B76: =IF(B74=C74,1,IF(B74>C74,3,0)) -> 0 | C76: =IF(C74=B74,1,IF(C74>B74,3,0)) -> 3 | I76: =IF(I74=J74,1,IF(I74>J74,3,0)) -> 0 | J76: =IF(J74=I74,1,IF(J74>I74,3,0)) -> 3 | P76: =IF(P74=Q74,1,IF(P74>Q74,3,0)) -> 0 | Q76: =IF(Q74=P74,1,IF(Q74>P74,3,0)) -> 3 | W76: =IF(W74=X74,1,IF(W74>X74,3,0)) -> 0 | X76: =IF(X74=W74,1,IF(X74>W74,3,0)) -> 3 | AD76: =IF(AD74=AE74,1,IF(AD74>AE74,3,0)) -> 0 | AE76: =IF(AE74=AD74,1,IF(AE74>AD74,3,0)) -> 3 | AK76: =IF(AK74=AL74,1,IF(AK74>AL74,3,0)) -> 0 | AL76: =IF(AL74=AK74,1,IF(AL74>AK74,3,0)) -> 3
B78: Ägypten | C78: Iran | I78: Kap Verde | J78: Saudi-Arabien | P78: Senegal | Q78: Irak | W78: Algerien | X78: Österreich | AD78: DR Kongo | AE78: Usbekistan | AK78: Kroatien | AL78: Ghana
B79: 2 | C79: 1 | I79: 1 | J79: 1 | P79: 2 | Q79: 1 | W79: 1 | X79: 1 | AD79: 1 | AE79: 1 | AK79: 2 | AL79: 1
B80: =IF(B79=C79,"Unentschieden",IF(B79>C79,B78,C78)) -> Ägypten | I80: =IF(I79=J79,"Unentschieden",IF(I79>J79,I78,J78)) -> Unentschieden | P80: =IF(P79=Q79,"Unentschieden",IF(P79>Q79,P78,Q78)) -> Senegal | W80: =IF(W79=X79,"Unentschieden",IF(W79>X79,W78,X78)) -> Unentschieden | AD80: =IF(AD79=AE79,"Unentschieden",IF(AD79>AE79,AD78,AE78)) -> Unentschieden | AK80: =IF(AK79=AL79,"Unentschieden",IF(AK79>AL79,AK78,AL78)) -> Kroatien
B81: =IF(B79=C79,1,IF(B79>C79,3,0)) -> 3 | C81: =IF(C79=B79,1,IF(C79>B79,3,0)) -> 0 | I81: =IF(I79=J79,1,IF(I79>J79,3,0)) -> 1 | J81: =IF(J79=I79,1,IF(J79>I79,3,0)) -> 1 | P81: =IF(P79=Q79,1,IF(P79>Q79,3,0)) -> 3 | Q81: =IF(Q79=P79,1,IF(Q79>P79,3,0)) -> 0 | W81: =IF(W79=X79,1,IF(W79>X79,3,0)) -> 1 | X81: =IF(X79=W79,1,IF(X79>W79,3,0)) -> 1 | AD81: =IF(AD79=AE79,1,IF(AD79>AE79,3,0)) -> 1 | AE81: =IF(AE79=AD79,1,IF(AE79>AD79,3,0)) -> 1 | AK81: =IF(AK79=AL79,1,IF(AK79>AL79,3,0)) -> 3 | AL81: =IF(AL79=AK79,1,IF(AL79>AK79,3,0)) -> 0
B83: Land | C83: Punkte | D83: T | E83: GT | F83: TD | I83: Land | J83: Punkte | K83: T | L83: GT | M83: TD | P83: Land | Q83: Punkte | R83: T | S83: GT | T83: TD | W83: Land | X83: Punkte | Y83: T | Z83: GT | AA83: TD | AD83: Land | AE83: Punkte | AF83: T | AG83: GT | AH83: TD | AK83: Land | AL83: Punkte | AM83: T | AN83: GT | AO83: TD
B84: Belgien | C84: =B54+B65+C76 -> 9 | D84: =B52+B63+C74 -> 5 | E84: =C52+C63+B74 -> 1 | F84: =D84-E84 -> 4 | I84: Spanien | J84: =I54+I65+J76 -> 9 | K84: =I52+I63+J74 -> 9 | L84: =J52+J63+I74 -> 2 | M84: =K84-L84 -> 7 | P84: Frankreich | Q84: =P54+P65+Q76 -> 9 | R84: =P52+P63+Q74 -> 6 | S84: =Q52+Q63+P74 -> 2 | T84: =R84-S84 -> 4 | W84: Argentinien | X84: =W54+W65+X76 -> 9 | Y84: =W52+W63+X74 -> 9 | Z84: =X52+X63+W74 -> 2 | AA84: =Y84-Z84 -> 7 | AD84: Portugal | AE84: =AD54+AD65+AE76 -> 9 | AF84: =AD52+AD63+AE74 -> 8 | AG84: =AE52+AE63+AD74 -> 2 | AH84: =AF84-AG84 -> 6 | AK84: England | AL84: =AK54+AK65+AL76 -> 7 | AM84: =AK52+AK63+AL74 -> 5 | AN84: =AL52+AL63+AK74 -> 2 | AO84: =AM84-AN84 -> 3
B85: Ägypten | C85: =C54+C70+B81 -> 6 | D85: =C52+C68+B79 -> 5 | E85: =B52+B68+C79 -> 4 | F85: =D85-E85 -> 1 | I85: Kap Verde | J85: =J54+J70+I81 -> 1 | K85: =J52+J68+I79 -> 1 | L85: =I52+I68+J79 -> 6 | M85: =K85-L85 -> -5 | P85: Senegal | Q85: =Q54+Q70+P81 -> 3 | R85: =Q52+Q68+P79 -> 4 | S85: =P52+P68+Q79 -> 5 | T85: =R85-S85 -> -1 | W85: Algerien | X85: =X54+X70+W81 -> 4 | Y85: =X52+X68+W79 -> 4 | Z85: =W52+W68+X79 -> 5 | AA85: =Y85-Z85 -> -1 | AD85: DR Kongo | AE85: =AE54+AE70+AD81 -> 1 | AF85: =AE52+AE68+AD79 -> 3 | AG85: =AD52+AD68+AE79 -> 6 | AH85: =AF85-AG85 -> -3 | AK85: Kroatien | AL85: =AL54+AL70+AK81 -> 7 | AM85: =AL52+AL68+AK79 -> 6 | AN85: =AK52+AK68+AL79 -> 4 | AO85: =AM85-AN85 -> 2
B86: Iran | C86: =B59+C65+C81 -> 1 | D86: =B57+C63+C79 -> 1 | E86: =C57+B63+B79 -> 4 | F86: =D86-E86 -> -3 | I86: Saudi-Arabien | J86: =I59+J65+J81 -> 1 | K86: =I57+J63+J79 -> 3 | L86: =J57+I63+I79 -> 6 | M86: =K86-L86 -> -3 | P86: Irak | Q86: =P59+Q65+Q81 -> 0 | R86: =P57+Q63+Q79 -> 1 | S86: =Q57+P63+P79 -> 6 | T86: =R86-S86 -> -5 | W86: Österreich | X86: =W59+X65+X81 -> 4 | Y86: =W57+X63+X79 -> 4 | Z86: =X57+W63+W79 -> 3 | AA86: =Y86-Z86 -> 1 | AD86: Usbekistan | AE86: =AD59+AE65+AE81 -> 1 | AF86: =AD57+AE63+AE79 -> 1 | AG86: =AE57+AD63+AD79 -> 6 | AH86: =AF86-AG86 -> -5 | AK86: Ghana | AL86: =AK59+AL65+AL81 -> 3 | AM86: =AK57+AL63+AL79 -> 3 | AN86: =AL57+AK63+AK79 -> 4 | AO86: =AM86-AN86 -> -1
B87: Neuseeland | C87: =C59+B70+B76 -> 1 | D87: =C57+B68+B74 -> 1 | E87: =B57+C68+C74 -> 3 | F87: =D87-E87 -> -2 | I87: Uruguay | J87: =J59+I70+I76 -> 6 | K87: =J57+I68+I74 -> 4 | L87: =I57+J68+J74 -> 3 | M87: =K87-L87 -> 1 | P87: Norwegen | Q87: =Q59+P70+P76 -> 6 | R87: =Q57+P68+P74 -> 5 | S87: =P57+Q68+Q74 -> 3 | T87: =R87-S87 -> 2 | W87: Jordanien | X87: =X59+W70+W76 -> 0 | Y87: =X57+W68+W74 -> 1 | Z87: =W57+X68+X74 -> 8 | AA87: =Y87-Z87 -> -7 | AD87: Kolumbien | AE87: =AE59+AD70+AD76 -> 6 | AF87: =AE57+AD68+AD74 -> 5 | AG87: =AD57+AE68+AE74 -> 3 | AH87: =AF87-AG87 -> 2 | AK87: Panama | AL87: =AL59+AK70+AK76 -> 0 | AM87: =AL57+AK68+AK74 -> 2 | AN87: =AK57+AL68+AL74 -> 6 | AO87: =AM87-AN87 -> -4
B89: Rangliste: | I89: Rangliste: | P89: Rangliste: | W89: Rangliste: | AD89: Rangliste: | AK89: Rangliste:
A90: 1 | B90: {=_xlfn.SORTBY(B84:B87,C84:C87,-1,F84:F87,-1,D84:D87,-1)} -> Belgien | C90: {=_xlfn.SORTBY(C84:C87,C84:C87,-1,F84:F87,-1,D84:D87,-1)} -> 9 | D90: {=_xlfn.SORTBY(D84:D87,C84:C87,-1,F84:F87,-1,D84:D87,-1)} -> 5 | E90: {=_xlfn.SORTBY(E84:E87,C84:C87,-1,F84:F87,-1,D84:D87,-1)} -> 1 | F90: {=_xlfn.SORTBY(F84:F87,C84:C87,-1,F84:F87,-1,D84:D87,-1)} -> 4 | H90: 1 | I90: {=_xlfn.SORTBY(I84:I87,J84:J87,-1,M84:M87,-1,K84:K87,-1)} -> Spanien | J90: {=_xlfn.SORTBY(J84:J87,J84:J87,-1,M84:M87,-1,K84:K87,-1)} -> 9 | K90: {=_xlfn.SORTBY(K84:K87,J84:J87,-1,M84:M87,-1,K84:K87,-1)} -> 9 | L90: {=_xlfn.SORTBY(L84:L87,J84:J87,-1,M84:M87,-1,K84:K87,-1)} -> 2 | M90: {=_xlfn.SORTBY(M84:M87,J84:J87,-1,M84:M87,-1,K84:K87,-1)} -> 7 | O90: 1 | P90: {=_xlfn.SORTBY(P84:P87,Q84:Q87,-1,T84:T87,-1,R84:R87,-1)} -> Frankreich | Q90: {=_xlfn.SORTBY(Q84:Q87,Q84:Q87,-1,T84:T87,-1,R84:R87,-1)} -> 9 | R90: {=_xlfn.SORTBY(R84:R87,Q84:Q87,-1,T84:T87,-1,R84:R87,-1)} -> 6 | S90: {=_xlfn.SORTBY(S84:S87,Q84:Q87,-1,T84:T87,-1,R84:R87,-1)} -> 2 | T90: {=_xlfn.SORTBY(T84:T87,Q84:Q87,-1,T84:T87,-1,R84:R87,-1)} -> 4 | V90: 1 | W90: {=_xlfn.SORTBY(W84:W87,X84:X87,-1,AA84:AA87,-1,Y84:Y87,-1)} -> Argentinien | X90: {=_xlfn.SORTBY(X84:X87,X84:X87,-1,AA84:AA87,-1,Y84:Y87,-1)} -> 9 | Y90: {=_xlfn.SORTBY(Y84:Y87,X84:X87,-1,AA84:AA87,-1,Y84:Y87,-1)} -> 9 | Z90: {=_xlfn.SORTBY(Z84:Z87,X84:X87,-1,AA84:AA87,-1,Y84:Y87,-1)} -> 2 | AA90: {=_xlfn.SORTBY(AA84:AA87,X84:X87,-1,AA84:AA87,-1,Y84:Y87,-1)} -> 7 | AC90: 1 | AD90: {=_xlfn.SORTBY(AD84:AD87,AE84:AE87,-1,AH84:AH87,-1,AF84:AF87,-1)} -> Portugal | AE90: {=_xlfn.SORTBY(AE84:AE87,AE84:AE87,-1,AH84:AH87,-1,AF84:AF87,-1)} -> 9 | AF90: {=_xlfn.SORTBY(AF84:AF87,AE84:AE87,-1,AH84:AH87,-1,AF84:AF87,-1)} -> 8 | AG90: {=_xlfn.SORTBY(AG84:AG87,AE84:AE87,-1,AH84:AH87,-1,AF84:AF87,-1)} -> 2 | AH90: {=_xlfn.SORTBY(AH84:AH87,AE84:AE87,-1,AH84:AH87,-1,AF84:AF87,-1)} -> 6 | AJ90: 1 | AK90: {=_xlfn.SORTBY(AK84:AK87,AL84:AL87,-1,AO84:AO87,-1,AM84:AM87,-1)} -> England | AL90: {=_xlfn.SORTBY(AL84:AL87,AL84:AL87,-1,AO84:AO87,-1,AM84:AM87,-1)} -> 7 | AM90: {=_xlfn.SORTBY(AM84:AM87,AL84:AL87,-1,AO84:AO87,-1,AM84:AM87,-1)} -> 5 | AN90: {=_xlfn.SORTBY(AN84:AN87,AL84:AL87,-1,AO84:AO87,-1,AM84:AM87,-1)} -> 2 | AO90: {=_xlfn.SORTBY(AO84:AO87,AL84:AL87,-1,AO84:AO87,-1,AM84:AM87,-1)} -> 3
A91: 2 | B91: Ägypten | C91: 6 | D91: 5 | E91: 4 | F91: 1 | H91: 2 | I91: Uruguay | J91: 6 | K91: 4 | L91: 3 | M91: 1 | O91: 2 | P91: Norwegen | Q91: 6 | R91: 5 | S91: 3 | T91: 2 | V91: 2 | W91: Österreich | X91: 4 | Y91: 4 | Z91: 3 | AA91: 1 | AC91: 2 | AD91: Kolumbien | AE91: 6 | AF91: 5 | AG91: 3 | AH91: 2 | AJ91: 2 | AK91: Kroatien | AL91: 7 | AM91: 6 | AN91: 4 | AO91: 2
A92: 3 | B92: Neuseeland | C92: 1 | D92: 1 | E92: 3 | F92: -2 | H92: 3 | I92: Saudi-Arabien | J92: 1 | K92: 3 | L92: 6 | M92: -3 | O92: 3 | P92: Senegal | Q92: 3 | R92: 4 | S92: 5 | T92: -1 | V92: 3 | W92: Algerien | X92: 4 | Y92: 4 | Z92: 5 | AA92: -1 | AC92: 3 | AD92: DR Kongo | AE92: 1 | AF92: 3 | AG92: 6 | AH92: -3 | AJ92: 3 | AK92: Ghana | AL92: 3 | AM92: 3 | AN92: 4 | AO92: -1
A93: 4 | B93: Iran | C93: 1 | D93: 1 | E93: 4 | F93: -3 | H93: 4 | I93: Kap Verde | J93: 1 | K93: 1 | L93: 6 | M93: -5 | O93: 4 | P93: Irak | Q93: 0 | R93: 1 | S93: 6 | T93: -5 | V93: 4 | W93: Jordanien | X93: 0 | Y93: 1 | Z93: 8 | AA93: -7 | AC93: 4 | AD93: Usbekistan | AE93: 1 | AF93: 1 | AG93: 6 | AH93: -5 | AJ93: 4 | AK93: Panama | AL93: 0 | AM93: 2 | AN93: 6 | AO93: -4
U95: Drittplatzierte
R97: Land | U97: Punkte | V97: Tore | W97: Gegentore | X97: Tordifferenz
R98: =B92 -> Neuseeland | U98: =C92 -> 1 | V98: =D92 -> 1 | W98: =E92 -> 3 | X98: =F92 -> -2
R99: =I92 -> Saudi-Arabien | U99: =J92 -> 1 | V99: =K92 -> 3 | W99: =L92 -> 6 | X99: =M92 -> -3
R100: =P92 -> Senegal | U100: =Q92 -> 3 | V100: =R92 -> 4 | W100: =S92 -> 5 | X100: =T92 -> -1
R101: =W92 -> Algerien | U101: =X92 -> 4 | V101: =Y92 -> 4 | W101: =Z92 -> 5 | X101: =AA92 -> -1
R102: =AD92 -> DR Kongo | U102: =AE92 -> 1 | V102: =AF92 -> 3 | W102: =AG92 -> 6 | X102: =AH92 -> -3
R103: =AK92 -> Ghana | U103: =AL92 -> 3 | V103: =AM92 -> 3 | W103: =AN92 -> 4 | X103: =AO92 -> -1
R104: =B45 -> Tschechien | U104: =C45 -> 4 | V104: =D45 -> 2 | W104: =E45 -> 2 | X104: =F45 -> 0
R105: =I45 -> Katar | U105: =J45 -> 2 | V105: =K45 -> 1 | W105: =L45 -> 3 | X105: =M45 -> -2
R106: =P45 -> Schottland | U106: =Q45 -> 3 | V106: =R45 -> 1 | W106: =S45 -> 5 | X106: =T45 -> -4
R107: =W45 -> Australien | U107: =X45 -> 4 | V107: =Y45 -> 3 | W107: =Z45 -> 4 | X107: =AA45 -> -1
R108: =AD45 -> Ecuador | U108: =AE45 -> 3 | V108: =AF45 -> 2 | W108: =AG45 -> 4 | X108: =AH45 -> -2
R109: =AK45 -> Schweden | U109: =AL45 -> 3 | V109: =AM45 -> 3 | W109: =AN45 -> 4 | X109: =AO45 -> -1
Q112: 1 | R112: {=_xlfn.SORTBY(R98:R109,U98:U109,-1,X98:X109,-1,V98:V109,-1)} -> Tschechien | U112: {=_xlfn.SORTBY(U98:U109,U98:U109,-1,X98:X109,-1,V98:V109,-1)} -> 4 | V112: {=_xlfn.SORTBY(V98:V109,U98:U109,-1,X98:X109,-1,V98:V109,-1)} -> 2 | W112: {=_xlfn.SORTBY(W98:W109,U98:U109,-1,X98:X109,-1,V98:V109,-1)} -> 2 | X112: {=_xlfn.SORTBY(X98:X109,U98:U109,-1,X98:X109,-1,V98:V109,-1)} -> 0
Q113: 2 | R113: Algerien | U113: 4 | V113: 4 | W113: 5 | X113: -1
Q114: 3 | R114: Australien | U114: 4 | V114: 3 | W114: 4 | X114: -1
Q115: 4 | R115: Senegal | U115: 3 | V115: 4 | W115: 5 | X115: -1
Q116: 5 | R116: Ghana | U116: 3 | V116: 3 | W116: 4 | X116: -1
Q117: 6 | R117: Schweden | U117: 3 | V117: 3 | W117: 4 | X117: -1
Q118: 7 | R118: Ecuador | U118: 3 | V118: 2 | W118: 4 | X118: -2
Q119: 8 | R119: Schottland | U119: 3 | V119: 1 | W119: 5 | X119: -4
Q120: 9 | R120: Katar | U120: 2 | V120: 1 | W120: 3 | X120: -2
Q121: 10 | R121: Neuseeland | U121: 1 | V121: 1 | W121: 3 | X121: -2
...

Sheet Dennis
B1: Gruppe A | H1: Gruppe B | O1: Gruppe C | V1: Gruppe D | AC1: Gruppe E | AJ1: Gruppe F
B3: Runde 1 | I3: Runde 1 | P3: Runde 1 | W3: Runde 1 | AD3: Runde 1 | AK3: Runde 1
B4: Mexiko | C4: Südafrika | I4: Kanada | J4: Bosnien-Herz. | P4: Brasilien | Q4: Marokko | W4: USA | X4: Paraguay | AD4: Deutschland | AE4: Curacao | AK4: Niederlande | AL4: Japan
B5: 2 | C5: 0 | I5: 1 | J5: 1 | P5: 2 | Q5: 1 | W5: 2 | X5: 1 | AD5: 6 | AE5: 0 | AK5: 2 | AL5: 1
B6: =IF(B5=C5,"Unentschieden",IF(B5>C5,B4,C4)) -> Mexiko | I6: =IF(I5=J5,"Unentschieden",IF(I5>J5,I4,J4)) -> Unentschieden | P6: =IF(P5=Q5,"Unentschieden",IF(P5>Q5,P4,Q4)) -> Brasilien | W6: =IF(W5=X5,"Unentschieden",IF(W5>X5,W4,X4)) -> USA | AD6: =IF(AD5=AE5,"Unentschieden",IF(AD5>AE5,AD4,AE4)) -> Deutschland | AK6: =IF(AK5=AL5,"Unentschieden",IF(AK5>AL5,AK4,AL4)) -> Niederlande
B7: =IF(B5=C5,1,IF(B5>C5,3,0)) -> 3 | C7: =IF(C5=B5,1,IF(C5>B5,3,0)) -> 0 | I7: =IF(I5=J5,1,IF(I5>J5,3,0)) -> 1 | J7: =IF(J5=I5,1,IF(J5>I5,3,0)) -> 1 | P7: =IF(P5=Q5,1,IF(P5>Q5,3,0)) -> 3 | Q7: =IF(Q5=P5,1,IF(Q5>P5,3,0)) -> 0 | W7: =IF(W5=X5,1,IF(W5>X5,3,0)) -> 3 | X7: =IF(X5=W5,1,IF(X5>W5,3,0)) -> 0 | AD7: =IF(AD5=AE5,1,IF(AD5>AE5,3,0)) -> 3 | AE7: =IF(AE5=AD5,1,IF(AE5>AD5,3,0)) -> 0 | AK7: =IF(AK5=AL5,1,IF(AK5>AL5,3,0)) -> 3 | AL7: =IF(AL5=AK5,1,IF(AL5>AK5,3,0)) -> 0
B9: Südkorea | C9: Tschechien | I9: Katar | J9: Schweiz | P9: Haiti | Q9: Schottland | W9: Australien | X9: Türkei | AD9: Elfenbeinküste | AE9: Ecuador | AK9: Schweden | AL9: Tunesien
B10: 1 | C10: 1 | I10: 0 | J10: 2 | P10: 0 | Q10: 2 | W10: 1 | X10: 2 | AD10: 1 | AE10: 1 | AK10: 1 | AL10: 0
B11: =IF(B10=C10,"Unentschieden",IF(B10>C10,B9,C9)) -> Unentschieden | I11: =IF(I10=J10,"Unentschieden",IF(I10>J10,I9,J9)) -> Schweiz | P11: =IF(P10=Q10,"Unentschieden",IF(P10>Q10,P9,Q9)) -> Schottland | W11: =IF(W10=X10,"Unentschieden",IF(W10>X10,W9,X9)) -> Türkei | AD11: =IF(AD10=AE10,"Unentschieden",IF(AD10>AE10,AD9,AE9)) -> Unentschieden | AK11: =IF(AK10=AL10,"Unentschieden",IF(AK10>AL10,AK9,AL9)) -> Schweden
B12: =IF(B10=C10,1,IF(B10>C10,3,0)) -> 1 | C12: =IF(C10=B10,1,IF(C10>B10,3,0)) -> 1 | I12: =IF(I10=J10,1,IF(I10>J10,3,0)) -> 0 | J12: =IF(J10=I10,1,IF(J10>I10,3,0)) -> 3 | P12: =IF(P10=Q10,1,IF(P10>Q10,3,0)) -> 0 | Q12: =IF(Q10=P10,1,IF(Q10>P10,3,0)) -> 3 | W12: =IF(W10=X10,1,IF(W10>X10,3,0)) -> 0 | X12: =IF(X10=W10,1,IF(X10>W10,3,0)) -> 3 | AD12: =IF(AD10=AE10,1,IF(AD10>AE10,3,0)) -> 1 | AE12: =IF(AE10=AD10,1,IF(AE10>AD10,3,0)) -> 1 | AK12: =IF(AK10=AL10,1,IF(AK10>AL10,3,0)) -> 3 | AL12: =IF(AL10=AK10,1,IF(AL10>AK10,3,0)) -> 0
B14: Runde 2 | I14: Runde 2 | P14: Runde 2 | W14: Runde 2 | AD14: Runde 2 | AK14: Runde 2
B15: Tschechien | C15: Südafrika | I15: Schweiz | J15: Bosnien-Herz. | P15: Schottland | Q15: Marokko | W15: Türkei | X15: Paraguay | AD15: Ecuador | AE15: Curacao | AK15: Tunesien | AL15: Japan
B16: 2 | C16: 0 | I16: 1 | J16: 1 | P16: 0 | Q16: 1 | W16: 1 | X16: 1 | AD16: 2 | AE16: 0 | AK16: 0 | AL16: 1
B17: =IF(B16=C16,"Unentschieden",IF(B16>C16,B15,C15)) -> Tschechien | I17: =IF(I16=J16,"Unentschieden",IF(I16>J16,I15,J15)) -> Unentschieden | P17: =IF(P16=Q16,"Unentschieden",IF(P16>Q16,P15,Q15)) -> Marokko | W17: =IF(W16=X16,"Unentschieden",IF(W16>X16,W15,X15)) -> Unentschieden | AD17: =IF(AD16=AE16,"Unentschieden",IF(AD16>AE16,AD15,AE15)) -> Ecuador | AK17: =IF(AK16=AL16,"Unentschieden",IF(AK16>AL16,AK15,AL15)) -> Japan
B18: =IF(B16=C16,1,IF(B16>C16,3,0)) -> 3 | C18: =IF(C16=B16,1,IF(C16>B16,3,0)) -> 0 | I18: =IF(I16=J16,1,IF(I16>J16,3,0)) -> 1 | J18: =IF(J16=I16,1,IF(J16>I16,3,0)) -> 1 | P18: =IF(P16=Q16,1,IF(P16>Q16,3,0)) -> 0 | Q18: =IF(Q16=P16,1,IF(Q16>P16,3,0)) -> 3 | W18: =IF(W16=X16,1,IF(W16>X16,3,0)) -> 1 | X18: =IF(X16=W16,1,IF(X16>W16,3,0)) -> 1 | AD18: =IF(AD16=AE16,1,IF(AD16>AE16,3,0)) -> 3 | AE18: =IF(AE16=AD16,1,IF(AE16>AD16,3,0)) -> 0 | AK18: =IF(AK16=AL16,1,IF(AK16>AL16,3,0)) -> 0 | AL18: =IF(AL16=AK16,1,IF(AL16>AK16,3,0)) -> 3
B20: Mexiko | C20: Südkorea | I20: Kanada | J20: Katar | P20: Brasilien | Q20: Haiti | W20: USA | X20: Australien | AD20: Deutschland | AE20: Elfenbeinküste | AK20: Niederlande | AL20: Schweden
B21: 2 | C21: 1 | I21: 2 | J21: 0 | P21: 3 | Q21: 0 | W21: 2 | X21: 0 | AD21: 2 | AE21: 1 | AK21: 2 | AL21: 1
